Id,Título,Oración,Objeto,Dónde se compró,Medidas,Datos adicionales,Voz,Otras versiones
1,Legítimo polvo Sándalo,,Polvo blanco,"Mercado de Catemaco, Veracruz (2008)",9 x 6 cm,Instrucciones: “Acostumbre usar diariamente esta polvo para tener surte dihca [sic] y fortuna”.,,
2,MARAVILLOSO POLVO DEL CONGO ,,Polvo blanco,Mercado de Catemaco (2008),9 x 6 cm,"“RETIRA SALACIONES EN EL NEGOCIO, TRABAJO Y HOGAR, MAL AIRE EN LA PERSONA, USELO DESPUES DEL BAÑO EN LAS MANOS Y PIES; EN EL NEGOCIO RIEGELO EN LAS 4 ESQUINAS”",,
3,LEGÍTIMO POLVO DOBLEGADO A MIS PIES [ver #51],,Polvo blanco,Mercado de Catemaco (2008),9 x 6 cm,"“Este polvo tiene propiedades ocultas, la mujer que lo use diariamente hará que si hombre lo tenga siempre doblegado a sus pies”","mujer, para la ",
4,POLVO DE OLICORNIO VFNCEDOR [sic],,Polvo gris claro,Mercado de Catemaco (2008),9 x 6 cm,“Legítimo Polvo VENCEDOR  úselo polveándose”,,
5,Polvo especial SIEMPRE CONMIGO,,Polvo blanco,Mercado de Catemaco (2008),9 x 6 cm,USELO POLVEANDOSE TODO EL CUERPO,,
6,"LEGITIMO POLVO VEN AMI [sic]
Ver 12 y 71",,Polvo blanco,Mercado de Catemaco (2008),9 x 6 cm,Uselo polveándose el cuello y pecho,,
7,"LEGITIMO POLVO DEL ANTIGUO Y MILAGROSO ESPÍRITU DOMINADOR
CITRUM NUEVE
(Ver. 106)","Espíritu Dominador que dominas en las planos terrenales y espirituales te llamo tres veces para que vengas y te manifiestes en este Cirio de Amor y Cariño y que por medio de Él me concedas el amor y cariño de ..........
Ven pronto y rápido que dominado te tengo por el poder y mediación del Espíritu Dominador.
Espíritu de Juan Minero, tráelo.
Espíritu del Caballo Prieto, ciégalo de amor por mi.
Espíritu de Juan perdido, búscalo y tráelo a las puertas de mi casa.
Espíritu de Rosita Álvarez enamóralo y nunca lo dejes hasta que rendido y humillado venga a las puertas de mi casa",Polvo blanco,Mercado de Catemaco (2008),9 x 6 cm,"“Nota: Se hace 9 noches usando dos velas rojas untadas con polvo del Espíritu dominador.
CITRUM NUEVE”",mujer,personalizable
8,"LEGITIMO POLVO DE SAN ALEJO
[Ver # 52]","ORACION A SAN ALEJO
San Alejo, San Alejo
tras veces te he de llamar
cuantas veces se me ofrezca
librame de todo mal.
Estas tres cruces que hago,
que hago en señal del buen cristiano
del criminal o villano
para que castigues la mano
que quiera hacerme mal,
así también quebrarás la lengua
del que hable mal de mi.
Te ruego glorioso San Alejo
no abandones los alrededor [sic] de mi casa
ni lo que esté al pie de mi obligación
San Alejo de León, mis
enemigos del mundo
del mar y del monte sean,
las personas 
que quieran traicionarme
por mi corazón le caigan las alas
del corazón
y venga rendido a mi como
Jesús en la Cruz. Amen, Jesús,
San Alejo, San Alejo
A nuestros malos vecinos
retiralos lejos, lejos",Polvo blanco,Mercado de Catemaco (2008),9 x 6 cm,“Uselo polveándose”,,
9,LEGITIMO PLVO DEL OVIDO [sic],,Polvo,Mercado de Catemaco (2008),9 x 6 cm,“Usela polveándose el cuerpo después del Baño preferentemente por la noche al acostarse.”,,
10,ORACIÓN AL ÁNIMA DE LA BASURA,"Ánima de la basura (para recuperar extravío valioso)
¡Oh, Ánima de la basura! Tú que campeas por miserias y escombros que yacen en tu seno. Tú que albergas tanto desechos como tesoros en rincones remotos, regrésame cuanto antes lo que he perdido ...... (menciónelo).
Encomiendo a ti mi esperanza de recuperar porque sé que puedes distinguir entre desperdicios y objetos valiosos. Prometo prenderte una veladora constante que ilumine tu sendero.","Estampa
Cartón plastificado",Mercado Independencia de Morelia (2015),9 x 6 cm,“Se prende con fe una veladora y se deja hasta que se haya recuperado lo extraviado”.,,
11,ORACION A LA MANO PODEROSA,"ORACIÓN A LA MANO PODEROSA
Mano poderosa aquí vengo con la fe de mi alma cristiana a buscar consuelo en situación tan difícil para mi. 
No me desampares y las puertas que quieras abrir en mi camino sea tu mano Poderosa la que las abra o las cierre para resolver mi tranquilidad que tanto ansío.
Aquí ente tu imagen a tus plantas dejo la necesidad de mi súplica; la que hace un corazón afligido por el destino que se siente vencido ya a toda lucha y no puede combatir si tu Mano Poderosa no la detiene, sucumbirá por falta de fuerza de la razón humana. 
Mano Poderosa, asísteme, amárame y condúceme a la Patria Celestial. Amén.",Cartón verde,Mercado Independencia de Morelia (2015),12.5 x 9 cm,"“Condiciones: Pedir tres cosas difíciles. Rezar esta milagrosísima Oración quince días.
Se reza 15 días empezando en viernes. 
(Se ruega se propague esta oración como remedio eficaz en las penas).",,
12,"SECRETO Y ORACION “VEN A MI”
[VER  # 71]","Cariño y Amor, esmeralda de Amor,
ardiente  pasión yo siento por ti y tú por mi.
Tu pensamiento yo lo domino, tu mente sujeta está por el influjo de estas hierbas de Venus y Cupido.
Te llamo, te necesito y tú a mi.
Fulano o Fulana de tal ven a mi. Jacinto, lila y malva uncluyan [sic] en su mente y corazón.
Sabia de mirto circula por su sangre. 
Yo te llamo Fulano o Fulana de tal.",Cartón amarillo claro,Mercado Independencia de Morelia (2015),12.5 x 9 cm,"“Nota: En una noche tranquila encienda una vela roja y una verde. Mirando las llamas, llame a la persona. Las velas se untan por polvos Ven a Mi y Congo.
Hágalo 12 noches seguidas”.",hombre o mujer,
13,"San Monicato
Ver. 107","AL PODERSOS MONICATO
Con dos te miro, con tres te amarro Monicato para que me hagas aparecer mi prenda extraviada lo más pronto. En ti pongo toda mi fé y confianza Monicato y Luzbel, con este amuleto tiene que venir manso y desesperado y humillado a las plantas de mis pies fulano o fulana.
Monicato y Luzbel, espíritu dominador, tú que dominas los espíritus encarnados, quiero que me domines a fulano o fulana
(Se repite tres veces)",Cartón verde,Mercado Independencia de Morelia (2015),12.5 x 9 cm,,hombre o mujer,"Quezada, Araceli Campos, "
13a,"ORACIÓN AL PODEROSO MONICATO
Ver 107","ORACION AL PODEROSO MONICATO
CON DOS TE MIRO, CON TRES TE AMARRO MONICATO PARA QUE ME HAGAS APARECER MI PRENDA EXTRAVIADA LO MAS PRONTO. EN TI PONGO TODA MI FE Y CONFIANZA MONICATO Y LUZBEL, CON ESTE AMULETO TIENE QUE VENIR MANSO Y DESESPERADO Y HUMILLADO A LAS PLANTAS DE MIS PIES FULANO O FULANA.
MONICATO Y LUZBEL, ESPÍRITU DOMINADOR, TÚ QUE DOMINAS LOS ESPIRITUS ENCARNADOS, QUIERO QUE ME DOMINES A FULANO O FULANA
(SE REPITE TRES VECES)",Cartón verde,Mercado de Catemaco (2015),12.5 x 7.5,,,
14,ORACIÓN DE LA “GALLINA NEGRA”,"ORACIÓN DE LA “GALLINA NEGRA”
Pluma Negra de los “Cuatro Vientos” Pluma de los “cuatro Poderes”, por el gran poder que tú tienes, quiero que me molestes a .....
Si está durmiendo, me esté soñando si despierto está, me este mirando y que siempre por mí suspirando.
Que sosiego no encuentre cuando no me vea y ganas de llorar sienta y venga a mí obediente y manso como un cordero a suplicarme que lo perdone.
Adión pluma de los “Cuatro Poderes” que has venido a mí a ayudarme. ",Cartón rojo,Mercado Independencia de Morelia (2015),12.5 x 9 cm,"“Para hacer esta Oración, debe tenerse una “GALLINA NEGRA” que nunca halla [sic] sido pisada.
Harás esto los días martes a las 12 de la noche: Al arrancarle una pluma a la Gallina Negra le dirán lo siguiente:”",,
15,ORACION DEL PURO,"ORACION DEL PURO.
Puro, purito, yo te conjuro en el nombre de la muerte; la señal que te pido me la has de dar, la ceniza tiene que caer, si está ansioso por hablarme; su boca ha de abrir y con esta oración tiene que venir manso, desesperado y humillado a las plantas de mi pies. 
Alma de los 4 vientos, tú que andas por el mundo entero quiero que me traigas a fulano..... por los siete espíritu [sic] y las siete ánimas, has [sic] que cambie sus amores y vuelva a mí. Con el gran poder de la muerte, tú que transitas por el mundo en calles, montes y colonias, si encuentras el alma de fulano...... no me lo dejes pasar, hasta que venga rendido a mis pies, si está sentado, no lo dejes en calma; ponte, en su mente mi pensamiento, si está durmiendo que me sueñe, no podrá dormir tranquilo, pues un niño él ha de oir llorar.",Cartón café claro,Mercado Independencia de Morelia (2015),12.5 x 9 cm,,,
16,ORACION DEL DINERO,"ORACION DEL DINERO
Dinero ven, ven, ven.
Lo necesario es tener gran fe..
para que el dinero me rinda y no se me vaya, porque así lo quiero y así será. 
San Judas yo te saludos yo te venero same muchas suerte, amor, salud y mucho dinero.
Dinero ven, ven, ven.
Siempre me acompañaras como buen amigo que eres.
Dinero ven, ven, ven.
Necesito que no te alejes demasiado Llegarás por todos los medios y serás mi gran amigo toda la vida.
Dinero ven, ven, ven. ",Cartón café claro,Mercado Independencia de Morelia,12.5 x 9 cm,,,
17,"ORACIÓN DE LA ALBAHACAR
VENCER Y DOMINAR","ORACION DE LA ALBAHACAR
¡ALBAHACAR! ERES MAS FUERTE QUE TODOS LOS FUERTES, TAN FUERTE COMO LA SANGRE DE CRISTO QUE FUE EXTRAIDA DE SU CORAZON Y POR ESO CON TU FUERTE OLOR, DOMINAS EL CORAZON DE UN LEON. CUANDO TE PIDA AYURA ALBAHACA, CON SUS SECRETOS Y TU GRAN OLOR, DEBES VENIR EN MI AYUDA PARA VENCER A FULANO Y NO HAS DE DEJAR DE EJERCER TU ACCION HASTA QUE SE ENCUENTRE A MI LADO EL TODOPODEROSO SABE QUE NINGUN MAL TE DESEOY TODO LO CONTRARIO MI ENTENCION ES CONSAGRAR MI AMOR PURIFICADO PARA TI POR ESO CON TU AYUDA TUYA, ALBAHACA, LOS DIAS DEL MISTERIO: MIERCOLES Y VIERNES ANTE EL ALTAR DE CONSAGRAR, CON TU AYUDA LLAME Y VENGA FULANO PARA QUE SE RECONCILIE CONMIGO ",Cartón,Mercado Independencia de Morelia (2015),12.5 x 9 cm,"SE REZAN TRES AVE MARIAS DURANTE NUEVE DIAS. ESTA ORACION ES EFICACISIMA PARA CONSEGUIR TODO LO QUE SE PIDA ANTES DE LOS NUEVE DIAS, POR DIFICIL QUE SEA.",,
18,"SAL DE 7 CANTINAS
PARA SALAR A UNA PERSONA",,Sobre con sal ,Mercado Independencia de Morelia (2015),7.5 x 9,"PARA SALAR A UNA PERSONA
Se prepara un brebaje en la siguiente forma:
Se usa pomo o frasco de vidrio con tapón ya sea de corcho o metálico y en dicho recipiente se pone una porción de orines, durante 7 días, además tantita sal de 7 cantinas, finalmente se le pone al frasco que contiene el brebaje 7 gotas de agua bendita y al día siguiente o sea a los 16 días de haber preparado esta solución, en la madrugada se vacía el liquido en cruz siendo suficiente para que ese hogar o persona quede salado durante 7 años.",,
19,"SAL CONTRA SAL
PARA MALEFICIOS",,Sobre con sal ,Mercado Independencia de Morelia (2015),7.5 x 9,"“PARA MALEFICIOS
Esta sal sirve para acabar con los chismes hechizos, contra daños y maleficios.
Uso: Espolvoree un poco de sal de esta sal por todas las esquinas de su casa para protegerse de los chismes, de los hechizos, contra toso tipo de ¨daños* y de maleficios.
Componentes: sal y colorante [¿?]
NO INGERIR. NO ES UN ALIMENTO
NO DEJAR AL ALCANCE DE LOS NIÑOS”
www.eleggua.es
Gijón
Tienda de productos esotéricos.",,
20,"SAL NEGRA
Para retirar Malos Vecinos",,Sobre con sal ,"Mercado de Sonora, México (2015)",7.5 x 9,"Para retirar Malos Vecinos
Se riega esta Sal en la puerta del o de los vecinos junto con tres pa[pe]litos en los cuales se debe escribir lo siguiente:
No.1. Escribe el nombre completo, cada día que pases aquí será para ti tu desgracias y
No. 2. Retirate y vete lejos si quieres librarte de la SAL NEGRA.
No. 3 Solo que te vayas muy lejos de aquí de librarás de esta terrible maldición. 221",,
21,SAL VIOLETA,,Sobre con sal ,Mercado de Sonora,7.5 x 9,"DOMINADORA
TU HOMBRE SERA SIEMPRE MUY CONFORME CONTIGO, EN TODO Y POR TODO [NUNC]A TE RECLAMARA JAMAS NI TE CELARA , EL TAMP[OCO] TRATARA DE ACECHARTE, JAMAS SE CREERA DE CHISMES NI DE CUENTOS SOBRE TU PERSONA, SOLAMENTE LO QUE TU QUIERAS HA DER CREER.
SE PONE ESTA SAL EN AGUA CALIENTE SUFICIENTE PARA BAÑAR TODO EL CUERPO, MOJAR Y FROTAR CON ESTA AGUA TODO EL CUERPO, ENJUAGAR BIEN, ENJABONAR CON JABON SANTIFICADO, ENJUAGAR Y SECAR EL CUERPO, SE GUARDA UN POCO DEL AGUA USADA EN ESTE BAÑO, PARA REGARLA O TIRARLA, EN LUGAR DONDE TRANSITE O PASE LA PERSONA QUE TU QUIERAS DOMINAR. ",mujer,
22,"SAL ROJA
FLOR DE LA PASION",,Sobre con sal ,Mercado de Sonora,7.5 x 9,"ESTA SAL SE USA REGADA DIRECTAMENTE AL PISO DONDE TENGA QUE TRANSITAR O DONDE SE PARE LA PERSONA QUE QUIERES QUE SEA TU AMOR PASIONAL.
PUEDE USARSE TAMBIEN DISUELTA EN AGUA PARA ROSEARLA DONDE TENGA QUE PASAR LA PERSONA QUE QUIERES.",,
23,"[1r]
El secreto de la Santísima Muerte","[3r]
ORACION DEL RAMO BENDITO
Romero bendito
de Dios consagrado,
que fuste nacido,
no fuiste sembrado,
Romero Bendito,
por virtud que Dios te ha dado
Te pido que entre lo bueno y salga lo malo.
nU [sic] Padre Nuestro y tres Aves Marías.
[3v]
ORACIÓN A LOS TRECE ESPIRITUS
¡Oh Excelsa y Divina Trinidad del Padre Creador, del Hijo Redentor, del Espíritu Santo glorificado [cruz] alfa y omega. ¡Oh poderoso Adonay! a tu bondad infinita acude y se postra humildemente esta criatura y de todo corazón te pide que ... fulano de tal se enamore de mí, no fijándose en la hermosura de otra mujer y sólo se fije en lo noble de mi alma [cruz] Jael [cruz] Patriteron [cruz] Israel [cruz] Aglai I Keday [cruz] Rasal [cruz] Helim [cruz [Agla] [Tetragramaton yo os adoro y os amo, haced poderoso Eones; que el amor que siento por vosotros influya en el corazón de la criatura que quero hacer mía. Así sea.
Récese luego nueve veces el Padre Nuetro y nueve Veces el Avemaría. 
[4r]
verdad
[f. 4v]
EL SECRETO DE LA STA. MUERTE
Muerte querida de mi corazón no me desampares con tu protección y desde este momento no tenga más gusto, más ilusión que para mí; Espíritu, cuerpo y alma de.... que su amor, su cariño, su fortuna, sus caricias, sus besos, todo él sea nomás para mí.
Por todas las virtudes que tú tienes concedidas venceré todos los obstáculos y no se me interpondrán cariño e ilusión todo lo que yo ambicione, quiera o me proponga hacer, todo constituirá un éxito halagüeño para mí; ésta virtud divina que Dios te dio, en Dios creo y en tí confío.
Se rezan tres Padres Nuestros[1]","Cuadernillo
(Papel tamaño carta doblado en octavo)",¿Pátzcuaro? (Mariana),11 x 8 cm,"[1r] Contiene además la oración a los 13 espíritus y la del “Justo Juez Negro”. 
[1v]
PARA REALIZAR UN TRABAJO EFECTIVO
Se necesita lo siguiente
Un retrato o una prenda que haya pertenecido por algún  tiempo a la persona ausente, o a quien se trata de cautivar; si es retrato, se escribe al reverso lo siguiente: El nombre de la persona interesada con el apellido de la ausente y luego el nombre del ausente con el apellido de la interesada (esto se llama [2r] ligar) y si no hay retrato, un pedazo de trapo, camisa, vestido, pañuelo o cualquier otra prenda de vestir, se hace un MUÑEQUITO y se compra uno o dos metros de listón blanco, del más angosto y se escriben también los nombres en la misma forma arriba mencionada, (Liga). Se toma el retrato con su cuadrito y la ESTAMPA de la SANTISIMA MUERTE y se empieza a amarrar en cruz hasta que sobren como cuatro dedos de punta, se hace un nudo la primera NOCHE rezando la oración dela SANTISIMA MUERTE, y el retrato se amarra en igual forma que el muñeco, haciendo un nudo cada noche hasta nueve noches, en caso de que no diera resultado favorable, se deja una noche descansar y a la siguiente noche se empieza de nuevo la NOVENA. Esto se hace en cuarto solitario, no se olvide que esto se hará con fe y paciencia has- [2v] ta tres novenas, rezando la oración lo más noche que sea posible, pues se trata de localizar el espíritu de la persona cuando se halla en reposo, el trabajo se hace sólo una vez aunque se hagan más novenas.
Busque Ud. LA ORACION de la Santísima Muerte.
Este secreto está probado
Se prende Vela o Veladora
Busque Ud. la estampa",,
24,"MEJORADOS POLVOS DE VOLADORA
POLVO CON COLOR ORIGINAL [AZUL]","En nombre del gran poder de Dios y señor mío, de buena voluntad de Santos Espíritus terrenales y celestiales, ofrezco estos polvos compuestos a juicio y pensamiento contra esa persona o antiguas fuerzas, para que pueda vengarme de mis enemigos, que sea conjurado para el mal vecino. Repítase por tres veces con toda fe. ","Polvo azúl. Papel couché 
Polvo café en bolsita de papel estraza. papel bond. ",¿Pátzcuaro? (Mariana) (2015). Mercado Independencia (2017),10 x 12.5,"ELABORADO CON INGREDIENTES ESPECIALES
MODO DE USAR EL POLVO
Para hacer irse a la persona que usted desee. Póngase un poco de polvo con la mano izquierda a lo largo, hacia el lugar donde viva la persona o los sitios cercanos sin ser vistos por nadie con toda malicia.
Nota importante: Es de indiscutibles méritos comprobados según la leyenda, no debe de leerse en presencia de otra persona. Y ni el contenido ni la oración debe presentarse en ningún caso, pues al hacerlo pierde todo su poder, tanto para el dueño como para el que lo posea nuevamente, según escritos procedentes de las antiguas leyendas de la Bruja Voladora (No infundir [sic] esta oración en otra de título parecido). ",,"El segundo sobre (2017) en lugar de “Polvvo con color original! Dice ""ORIGINAL POLVO COLORIDO NO COMPRE IMITACIONES”. El polvo es blanco"
25,INCIENSO ARRAZA [sic] TODO,,Bolsa con incienso,¿Pátzcuaro? (Mariana) (2015),13.5 x 9.5,"LEGITIMO INCIENSO ARRAZA TODO
Este incienso está hecho para cortar trabajos de magia negra, puesto en la persona o víctima dañada, resolviendo asi cualquier problema por mas fuerte que este sea ya que esta hecho para limpias con dicho incienso al quemar el daño con que fue hecho y cortandose el momento quedadndo [sic] libre la persona del mal puesto. 
INSTRUCCIONES
En un lienzo negro, se rocea la cantidad de incienso haciendo un bulto y se pasa por todo el cuerpo de la persona, terminada la limpia se pone en el suelo cuidado que no este humedo,se prende y al quemarse estara terminado el trabajo
M.R. REG. EN TRAMITE",,
26,FETICHE HOMBRE Y MUJER,"CARIÑO Y AMOR, ESMERALDAS DE AMOR ARDIENTE PASION YO SIENTO POR TI POR MI TU PENSAMIENTO YA LO DOMINO TU MENTE SUJETA ESTA EN EL INFLUJO DE ESTOS FETICHES TE LLAMO, TE NECESITO FULANO DE TAL, VEN A MI QUE SE METE EN MI CORAZON, QUE FLUYA EN SU MENTE Y LA SANGRE HACIA A MI. ",Fetiches,¿Pátzcuaro? (Mariana),"8 x 6 cm
(papel)
5.5 x 2 X 0.5 cm
(cada muñequito)","“FETICHES
EXPLICACION DE LOS FETICHES MUÑECOS [DE] TRAPO, PARA REALIZAR TRABAJO SE NECESITA LO SIGUIENTE UN RETRATO O PRENDA QUE HAYA PERTENECIDO ALGUN TIEMPO A LA PERSONA AUSENTE A O QUIEN SE TRATE DE CAUTIVAR, SI ES RETRATO ESCRIBE AL REVERSO EL NOMBRE DE LA PERSONA INTERESADA CON APELLIDO DEL AUSENTE SE LIGAN LOS FETICHES CON DOS METROS DE LISTON BLANCO DEM [SIC] MAS ANGOSTO SE AMARRAN LOS MUÑECOS HASTA QUE SOBRE 4 (CUATRO) DEDOS DE PUNTA Y SE HACEN NUEVE NUDOS UNO DIARIO HASTA LLEGAR A LOS NUEVE DIAS Y SE REZA LA SIGUIENTE ORACION:”",,
27,FETICHES,"SECRETO Y ORACION
CARIÑO Y AMOR, ESMERALDAS DE AMOR, ARDIENTE PASION YO SIENTO POR TI Y POR MI, TU PENSAMIENTO YA LO DOMINO, TU MENTE SUJETA ESTA EN EL INFLUJO DE ESTOS FETICHES, TE LLAMO, TE NECESITO Y TU A MI FULANO DE TAL. VEN A MI, QUE SE META EN MI CORAZON, QUE FLUYA EN SU MENTE Y EN LA SANGRE Y LO DOMINE ASI A MI.",,,14 x 8 x 1 cm (cada muñeco),"“FETICHES
EXPLICACION DE LOS FETICHES O MUÑECOS [DE] TRAPO, PARA REALIZAR UN TRABAJO EFECTIVO SE NECESITA LO SIGUENTE [SIC[2]]: UN RETRATO O UNA PRENDA QUE HAYA PERTENECIDO ALGUN TIEMPO A LA PERSONA AUSENTE A O QUIEN SE TRATE DE CAUTIVAR. SI ES RETRATO ESCRIBE AL REVERSO EL NOMBRE DE LA PERSONA INTERESADA CON APELLIDO DEL AUSENTE, SE LIGAN LOS FETICHES CON DOS METROS DE LISTON BLANCO DEL MAS ANGOSTO, SE AMARAN[3] [SIC] LOS MUÑECOS HASTA QUE SOBREN CUATRO (4) DEDOS DE PUNTA Y SE HACEN NUEVE NUDOS UNO DIARIO HASTA LLEGAR A LOS NUEVE DIAS Y SE REZA LA SIGUIENTE ORACION:”
“NOTA: EN ESA NOCHE TRANQUILA ENCIENDA UNA VELA ROJA Y UNA VELA VERDE MIRANDO LA LLAMA LLAME A LA PERSONA. LAS VELAS SE UNTAN CON FERFUME DEL QUE USA Y LA LLAMA A LA PERSONA AMADA NUEVE VECES”.",,
28,"Jabón 
ARRASA BRUJERÍA",,jabón,"Mercado Independencia, Morelia",8.5 x 5.5. x 3.5 cm,"“MODO DE USO:
Frótese suavemente sobre el cuerpo.
Se puede repetir la oración o frase preferida”
Marca essences Golden.",,
29,"Jabón del Retiro
Hipnotismo, Fuerza y Poder","Anima del retiro, yo te llamo e invoco para que con tu mucho poder me retiras al mal vecino y a mis enemigos y te los lleves a la región del olvido: con este cirio que yo te prendo Anima del Retiro, cuanto yo te pido todo me lo ha [sic] de conceder.
Mortifícalos, que en su casa a gusto no estén, que sientan tristeza y temor y se alejen sin dilación, con esta agua del Anima del Retiro que yo riego a las puertas de la casa del mal vecino activo su retiro.
Por eso te alabo y bendigo y todo lo que yo pida sea concedido. ",jabón,"Mercado de Jamaica, México (puesto 1)",8.5 x 5.5. x 3.5 cm,“NOTA: Récela con fervor y más pronto de lo pensado le será concedido”,,
30,"Jabón
 7 POTENCIAS AFRICANAS
[Ver # # 40 y 66]","Abro mis puertas, con el fin y la buena fe, a los siete espíritus de la fortuna.
Que algún día lleguen a mi casa, que la Dicha y la Salud estén en mis puertas. Por los siete Pueblos Principales, por los siete Libros Sagrados, por los siete Candelabros del Templo de Salomón, por los siete Huesos de la Cabeza de Dios, por los Santos Ángeles Guardianes San Miguel Arcángel, San Rafael, San Gabriel, Guías y Guarda de Dios. Y que la Bendición de Dios Padre Omnipotente del Hijo y del Espíritu Santo descienda sobre nosotros. AMEN.",jabón,"Mercado de Jamaica, México (puesto 1)",8.5 x 5.5. x 3.5 cm,"CHANGO.-  Poder, amor y suerte.
OCUN.- Protección contra el mal.
YEMALLA.- Magnetismo, poder y éxito.
OBATALA.- Enfermedades o falta de donero.
ORULA.- Destruye los obstaculos. 
OGUN.- Triunfo, negocios y juego.
ELEGUA.- Prosperidad, sabiduría. ",,
31,"AUTENTICOS POLVOS DE ESTUDIANTE
FORMULA original GARANTIZADA","En el nombre de Dios Padre, te llamo e invoco, oh; Maestro mío, tu guía seriamente busco y necesito ahora; en silencio me siento y escucho, pues tu luz y amor resplandecen en torno mío, trayéndome paz, amor y armonía, evolución y tu sabia guía para encaminar positivamente mi vida, hacia una evolución superior. Amén.",Polvo verde claro,"Mercado de Jamaica, México (puesto 1)",10 x 13.5 cm,"“AUTENTICOS POLVOS DE ESTUDIANTE.
Polvo preparado con ingredientes únicos que le aydarán a abrir su mente para comprender mejor todos los conceptos que se traten en sus estudios o su carrera.
Coloque un poco de éste polvo en la yema de sus dedos y recargue en sus sienes por unos minutos al mismo tiempo que mentaliza todo el conocimiento que quiere aprender y comprender. “
SACHET K products",,
32,AUTÉNTICOS POLVOS TAPA BOCAS,"ORACIÓN:
Espíritu de la Montaña yo les pido que le tapen la boca a ....... y que así como quemo este polvo se quemen las injurias que haga contra mi, Amen. ",Polvo rosa. Polvo blanco,"Mercado de Jamaica, México (puesto 1)
(32 bis: puesto 2)",10 x 13.5 cm,"“Si eres Víctima de murmuraciones, se te trae de boca en boca y te persiguen los chismes y enredos [sic]. Usa este poderoso polvo.
MODO DE USO
Arroje un poco de este poderoso polvo en la puerta de la casa de la persona que le hace daño o pretenda hacerlo. –escriba en el papel de estraza el nombre de esa persona, quémelo con el sobrante del polvo y repita la ORACIÓN:”
“finalmente tire las cenizas en un crucero sin voltear.”
“SACHET
FOMULA MEJORADA”",,
33,POLVO CORTE Y JUZGADO,"HUMILDEMENTE ME ARRODILLO ANTE VUESTRO CUADRO MILAGROSO PARA IMPLORAR VUESTRA INTERSECCION ANTE DIOS, PADRE AMOROSO, QUE PROTEGES A TODA LA CREACIÓN, ANIMADA, YO OS PIDO EN EL NOMBRE SACRANTISIMO Y DULCE NOMBRE DE JESÚS, QUE ACCEDAIS A MI PETICIÓN Y ME DEVOLVAIS LA PAZ DEL ESPIRITU Y LA PROPERIDAD MATERIAL ALEJANDO DE MI CASA Y QUITANDO DE MI PASO LOS ESCOLLOS QUE SON LA CAUSA DE MIS MALES, SIN QUE JAMAS PUEDAN VOLVER A TOMARME MI CORAZON, MI CORAZON ME DICE QUE MI PETICION ES JUSTA Y SI ACCEDEIS A ELLA AÑADIREIS MAS GLORIAS AL HOMBRE BENDITO POR LOS SIGLOS DE LOS SIGLOS DE DIOS NUESTRO SEÑOR,[4] DE QUIEN HEMOS RECIBIDO LA PROMESA DE: PEDID Y SE OS DARA ASI SEA EN EL NOMBRE DEL PADRE, DEL HIJO Y DEL ESPIRITU SANTO.","Polvo lila
lila","Mercado de Jamaica, México (puesto 1)",10 x 13.5 cm,"“ANTES DE ASISTIR A UN JUZGADO PLICAR EN EL CEREBRO Y PALMAS DE LAS MANOS MENCIONANDO ASÍ: POR LOS PODERES DE MOISÉS, JESÚS Y MARÍA SANTISIMISA [SIC] QUE ESTE CASO SE RESUELVA. CARGUE LAS PIEDRAS CONSAGRADAS EN SU BOLSA.”
“DESPOJO PARA PROTECCION”
“PARA CASOS DIFILILES”
“HECHO EN VENEZUELA”
“POLVOS CON COLOR ORIGINAL”
“ELABORADO CON INGREDIENTES ESPACIALES”
SACHET ",,
34,AUTÉNTICOS POLVOS SEPARA AMANTES ,"Ofrezco este polvo al espíritu vivo, juicio y pensamiento de   ..... (nombres de los amantes) para que no puedan estar juntos, ni hablarse, ni sentarse a la mesa y ni dormir en la misma cama. Si están juntos (nombres de los amantes) que entre ellos surja odio y su relación acabe. ",Polvo azul,"Mercado de Jamaica, México (puesto 1)",10 x 13.5 cm,"“FORMULA ORIGINAL Reforzada” 
“Con Feromonas”
sachet
“ELABORADO CON INGREDIENTES ESPACIALES PARA SEPARAR DEFINITIVAMENTE A DOS PERSONAS. 
“Sobre el papel de estraza escriba los nombres de los amantes y rasque el papel para separarlos. Unte los papeles con el polvo y repita la oración”
“Tire cada papel en diferente lugar y entre más lejos, mejor para obtener mejores resultados”. ",,
35,LEGITIMOS POLVOS AMARRE TOTAL,,Polvo rosa,"Mercado de Jamaica, México (puesto 1)",10 x 13.5 cm,"“POLVO DE COLOR ORIGINAL”
“Elaborado con ingredientes especiales hacen que su exquisita fragancia sea un poderoso atrayente del amor y pasion”.
“Modo de uso:
Aplique un poco de este polvo en sus manos cuando este con la persona amada y acaricie discretamente su nuca y su espalda.
Hágalo con mucha fe y obtendrá excelentes resultados.”",,
36,AUTENTICOS POLVOS Mano Poderosa,"Aquí vengo con la fe de un alma cristiana, a buscar tu misericordia en situación tan angustiosa para mí. No me desampares y la puerta que quiera abrirse en mi camino, sea tú mano poderosa la que me la cierre para no entrar en ella si no me conviene, o me la dejes abierta, si ha de volver mi tranquilidad tanto tiempo deseada. A tus pies dejo esta súplica, que te hace un alma obligada por el destino a grandes sufrimientos, que ya no puede combatir sui tu mano no detiene la ley de la razón. ","Polvo
Amarillo claro","Mercado de Jamaica, México (puesto 1)",10 x 13.5 cm,"“Cponseguir cualquier propósito, además de ganancias financieras, éxito, suerte.”
SACHET
“Polvos con color original”
“Modo de uso:
Frotese con un poco antes de atender a la clientela, o antes de ir al trabajo, esparza un poco a la entrada de su hogar durante tres días seguidos, ponga una pizca de polvo en su cartera o donde guarde su dinero; al buscar trabajo frótese las manos antes de hacer solicitudes.  ",,
37,POLVO AUTÉNTICO DE LLAMA CLIENTES,"En el nombre de Cristo por el poder de Cristo, por la magia de Cristo, Salamandras del fuego vengan y limpien de toda Larva Astral, Cubo, Incubo Sucubo o de cualquier entidad que esté dañada en los Planos Físico, Etérico, Astral o Mental en este Negocio para que siempre reine la paz, armonía, abumdancia [sic] y la prosperidad.",Polvo blanco ,"Mercado de Jamaica, México (puesto 1)",10 x 13.5 cm,"“ELABORADO CON INGREDENTES ESPECIALES
MODO DE USAR EL POLVO
Para hacerse de mayor clientela, comience en día Jueves al medio día de la siguiente manera: Recorra todo el negocio con un vaso con agua en la mano izquierda y con la derecha vaya esparciendo el polvo con movimientos circulares por las orillas y principalmente en las esquinas y atrás de las puertas. Al terminar enjuague sus dedos y rocie el agua a la entrada de su negocio mientras reza la siguiente oración:”
Sachet",,
38,AUTENTICOS POLVOS ESTATE QUIETO,"En el nombre del gran Poder divino, de la corte suprema del universo y de la divina justicia, pido que se quede mi amado (amada) a mi lado, y que se libere de todo [sic] mala influencia de su cuerpo, mente y de su alma dame la gracia de detenerle y que olvide sus deseos por irse, para la tranquilidad de mi hogar, así será, por que tu, todo poderoso así lo deseas para mi. ","Polvo
(perdidos)","Mercado de Jamaica, México (puesto 1)",10 x 13.5 cm,"“FORMULA ORIGINAL Reforzada”
“SACHET”
MODO DE USO:
Úselo dentro de su casa regándolo en casa esquina en forma de círculo los tres primeros días y ultimo de cada mes rece la oración con gran fe mientras forma los círculos esto durante un año”",,
39,"REY SALOMON 
DOMINADOR
[Ver # 72]",,Polvo azules,"Mercado de Jamaica, México (puesto 1)",10 x 13.5 cm,"“DOMINE SU NEGOCIO”
“Polvo con color original”
Modo de Uso:
Úselo polveándose el cuerpo después del baño al caer la tarde los días jueves y domingo úselo para dominar cualquier tipo de negocio”",,
40,"AUTÉNTICOS POLVOS de las 7 POTENCIAS AFRICANAS
[ver # 30 y 66]","¡Oh Siete Potencias africanas que estáis alrededor del Santo entre los santos!, humildemente me arrodillo ante vuestro cuadro milagroso para implorar vuestra intercesión ante Dios. Mi corazón me dice que mi petición es justa y si accedéis a ella añadiréis más Gloria al Nombre Bendito por los siglos de los siglos de Dios Nuestro Señor.[5] (Hágase la petición). AMEN",Polvo violeta,"Mercado de Jamaica, México (puesto 1)",10 x 13.5 cm,"FORMULA Original GARANTIZADA”
SACHET Kproducts. ¿Kymila?
ELABORADO CON INGREDEINTES ESPECIALES QUE LE SERVIRAN PARA LLEVAR A CABO CON ÉXITO TODO LO REFERENTE A USTED Y SU FAMILIA, RESULVER CUALQUIER PROBLEMA Y CUMPLIR SUS MAS CAROS DESEOS.
AL APLICARSE ESTE POLVO EN TODO EL CUERPO DIGA LA SIGUIENTE ORACION:”",,
41,"AUTENTICOS POLVOS 
COCTEL 33 Esencias",,Polvo amarillos,"Mercado de Jamaica, México (puesto 1)",10 x 13.5 cm,"“FOMULA Oriiginal GARANTIZADA”
“SACHET Kymila products PRODUCTS”
“ESTE POLVO ESTA PREPARADO CON COMPONENTES NATURALES Y LAS 33 ESENCIAS QUE NOS AYUDARAN A TENER ÉXITO EN TODOS LOS ASPECTOS DE NUESTRA VIDA:
PAZ, FELICIDADES, SALUD, SUERTE EN LOS NEGOCIOS, EN EL AMOR, JUEGOS DE AZAR, AMISTAD, ÉXITO Y PROSPERIDAD.
“APLIQUESE UN POCO DE ESTE POLVO TODOS LOS DÍAS ANTES DE COMENZAR SUS LABORES”.",,
42,AUTÉNTICOS POLVOS CONTRA DAÑOS,,Polvo azules,"Mercado de Jamaica, México (puesto 1)",10 x 13.5 cm,"“PARA PESARES, MALES, FRACASOS. ODIOS, ENVIDIAS, DISCORDIAS, EGOLATRÍAS Y ENFERMEDADES.
ROCIE ALREDEDOR Y CON LA FUERZA DE ESTE AROMATIZANTE RETIRARA LOS DAÑOS OCASIONADOS POR SUS ENEMIGOS Y PROTEGERÁ A LA VEZ A SU FAMILIA (CONCENTRESE EN SU PETICIÓN)”",,
43,AUTENTICOS POLVOS ABRECAMINO,,Polvo azules,"Mercado de Jamaica, México (puesto 1)",10 x 13.5 cm,"“FORMULA ORIGINAL Reforzada”
“ELABORADO CON INGREDIENTES ESPECIALES
ATRAE LA BUENA SUERTE EN LAS NEGOCIOS, DESPEJA LA VIDA DE TODOS LOS OBSTACULOS QUE PUDIERA TENER Y LE AYUDA A TENER RELACIONES DE TRABAJO Y PERSONALES MAS EFECTIVAS
APLIQUESE DIARIAMENTE UN POCO DE ESTE POLVO EN LAS MANOS Y TRAS LAS OREJAS.”",,
44,AUTENTICOS POLVOS DE LA TRIPLE SUERTE,"SEÑOR CON TU INFINITA BONDAD TE PIDO QUE ME PROPICIES SALUD, PARA QUE CON AGRADO Y ESMERO HAGA LO MEJOR EN MI TRABAJO, FORTUNA PARA QUE EL PRODUCTO DE MI TRABAJO SE MULTIOLIQUE CON RAPIDEZ Y SUERTE. AMEN.",Polvo amarillos,"Mercado de Jamaica, México (puesto 1)",10 x 13.5 cm,"“ELABORADO CON 33 ESENCIAS”
“FORMULA ORIGINAL Reforzada”
SACHET
“Uselo polveandose las manos diariamente antes de ir al trabajo, negocio, jugar juegos de azar o iniciar cualquier empresa i romance.”
“Cumpla con la ayuda de este polvo sus más caros Anhelos”.  [Ver # 46]",,
45,legitimo polvo doble suerte rapida,,Polvo amarillo,"Mercado de Jamaica, México (puesto 1)",10 x 13.5 cm,"“POLVO CON COLOR ORIGINAL”
“POLVO PREPARADO ESPECIALMENTE PARA ATRAERT POTENCIALMENTE LA SUERTE Y LA FORTUNA CON DOBLE INTENSIDAD.”
“APLÍQUESE UN POCO EN MANOS CUANDO VAYA A INICIAR SUS LABORES, VAYA A EMPRENDER UN NEGOCIO O REALICE JUEGOS DE AZAR”",,
46,"LEGITIMOS POLVOS ORO Y PLATA, CHANGO MACHO",,Polvo,"Mercado de Jamaica, México (puesto 1)",10 x 13.5 cm,"“Ofrecimiento a Chango Macho espíritu de la Buena suerte”
SACHET
“POLVO CON COLOR ORIGINAL” [rosa]
“POLVO PREPARADO PARA ATRAER EL ÉXITO Y LA PROPERIDAD EN EL TRABAJO, NEGOCIO, JUEGOS DE AZAR Y AMOR.”
“Uselo polveandose las manos diariamente entes de ir al trabajo, negocio, jugar juegos de azar o iniciar cualquier empresa o romance”
“Cumpla con la ayuda de este polvo sus más caros Anhelos” [Ver # 44]",,
47,POLVOS DEL DÓLAR,"ESPITRITUS DE LA NATURALEZA, GUARDIANES DE TESOROS INVALORABLES, TRAEDME MUCHAS GANANCIAS INESPERADAS, EN TRABAJO, AZAR, REGALOS, VENTAS, PERO AGANLO [SIC] CON ALEGRIA PARA MI BIEN Y DE MI FAMILIA, ASI SEA AMEN",Polvo azules,"Mercado de Jamaica, México (puesto 1)",10 x 13.5 cm,"“FORMULA ORIGINAL Reforzada”
SACHET
“MODO DE USO:
FROTESE CON UN POCO ANTES DE ATENDER A LA CLIENTELA O ANTES DE IR AL TRABAJO, ESPARZA UN POCO A LA ENTRADA DE SU HOGAR DURANTE TRES DÍAS SEGUIDOS, PONGA UNA PIZCA DE POLVO EN SU CARTERA O DONDE GUARDE SU DINERO; AL BUSCAR TRABAJO FROTESE LAS MANOS ANTES DE HACER SOLICITUDES”",,
48,AUTENTICOS POLVOS LEVANTA NEGOCIOS,"Levanta Negocios, Creador del Universo que nos das vida y fuerza para lograr nuestros propósito [sic], permite que este negocio que tengo o voy a emprender logre darme tranquilidad y seguridad, permite que sea próspero y sea acompañado de buena suerte, permite que el dinero que de este negocio obtenga me de satisfacción y lo multiplique hasta que beneficie a los míos y asegurar mis pertenencias y mi patrimonio. Con devoción te lo pido y agradezco infinitamente. Amen. ",Polvo blancos,"Mercado de Jamaica, México (puesto 1)",10 x 13.5 cm,"SACHET
“FORMULA ORIGINAL Reforzada”
elaborado con ingredientes especiales
modo de usar el polvo:
Cuando haya abierto su negocio barra muy bien el suelo, después tire el polvo por todo el local y rece la oración. Uselo todos los días para obtener excelentes resultados”",,
49,AUTENTICOS POLVOS DEL RETIRO,"Anima del Retiro, yo te llamo e invoco para que con tu mucho poder me retires al mal vecino y a mis enemigos y te los lleves a la región del olvido con este polvo que yo riego, Anima del Retiro, cuanto yo te pido, todo haz de conceder. 
Mortifícalos, que en su casa a gusto no estén, que sientan tristeza y temor y se alejan sin dilación: con éste polvo del Anima del Retiro que yo tiro a las puertas de la casa del mal vecino, activo su retiro.
Por eso te alabo y bendigo y todo lo que yo pido sea concedido. ",Polvo azules,"Mercado de Jamaica, México (puesto 1)",10 x 13.5 cm,"“POLVO CON COLOR ORIGINAL”
“SACHET”
“POLVO ESPECIALMENTE PREPARADO PARA AYUDARLE A ALEJAR A LA PERSON A QUE DESEE.
AVIENTE POLVO HACIA DONDE VIVA O PASE LA PERSONA INCOMODA Y DIGA LA SIGUIENTE ORACIÓN:”",,
50,LEGITIMO POLVO DE VEN DINERO,"INVOCACIÓN
MIS PALABRAS TIENEN EL PODER COMO ANTAÑO, ASÍ QUE ESCUCHAD ME ESPÍRITUS AMIGOS, TRAEDME PLATA, TRAEDME ORO, TRAEDME MUCHOS BILLETES, PERO QUE SEA CON ALEGRÍA y TESOROS, ARMONÍA HÁGAME RICO MATERIAL y ESPIRITUALMENTE QUE ES EL EQUILIBRIO PERFECTO, GRACIAS ESPÍRITUS AMIGOS QUE ME AYUDAN Y PROTEGEN",Polvo amarillos,"Mercado de Jamaica, México (puesto 1)",10 x 13.5 cm,"“POLVO CON COLOR ORIGINAL”
“modo de Uso
ESTE POLVO APLICÁNDOSELE CON FE EN MANOS Y CUERPO TODOS LOS DÍAS LE PROCURAR [SIC] DINERO SUFICIENTE PARA TODAS SUS NECESIDADES”",,
51,"POLVO ORIGINAL DOBLEGADO A MIS PIES
[ver #3]",,Polvo,"Mercado de Jamaica, México (puesto 2)",10 x 13.5 cm,"“El original
GARANTIA TOTAL”
“SACHET” Marca Kymila
“FROTESE EN TODO EL CUERPO Y LAS MANOS Y ACARICIE SUTILMENTE A SU PAREJA DIARIAMENTE Y ANTES DE HACER EL AMOR PARA OBTENER RELACIONES TOTALMENTE SATISFACTORIAS.
MIENTRAS SE FRITA EL POLVO MENTALICE EN FUERZA A SU PAREJA PARA QUE SU VOLUNTAD SEA REGIDA POR USTED Y LO DOBLEGUE SIEMPRE”.",,
52,POLVO GENUINO DE SAN ALEJO,"ORACION 
San Alejo, San Alejo
tres veces te he de llamar cuantas veces se me ofrezca librame de todo mal. Estas tres cruces que hago en señal de buen cristiano del criminal o del villano para que castigues la mano de quien quiera hacerme mal. 
Así también quiebres la lengua de quien hable mal de mi.
Te ruego glorioso San Alejo, no abandones los alrededores de mi casa ni lo que esté al pie de mi obligación
San Alejo, San Alejo, a esos malos vecinos retíralos lejos. ",Polvo,"Mercado de Jamaica, México (puesto 2)",10 x 13.5 cm,"“El original
GARANTIA TOTAL”
“SACHET” Marca Kymila products
“Ideal para retirar males, envidias, chismes y personas que no queramos cerca de nuestra vida.
INSTRUCCIONES:
USELO POLVEANDOSE MANOS Y CUERPO.",,
53,AUTENTICOS POLVOS DEL CORDERO MANSO,"Corderito Manso que en altar estás vence a mis enemigos que contra mi estén, que mi corazón encarne en el de +él como encarno Jesucristo, mando y a San Lázaro vencio como no he de vencer yo a éste enemigo traidor, con dos te miro, con tres de agarro, con la sangre de Jesucristo el corazón te parto.
A mi enemigo veo venir con los ojos vendados y los brazos inutilizados, Sangre de Jesucristo me pide y yo no se la he de dar, yo te pido gran Señor que me lo trigas, que me lo has de traer, rendido a mis pies, vencido y desanimado; tienes fuerza para vencerlo, si algo del diablo intentan contra mi, no se lo permitirás, si a justicia se fuere, no ganará: si a defensores pusiese todos se negarán. Jesucristo como cordero estarás a mi, al mirar mi presencia todos se desmayarán. AMEN 
Tres Ave María y tres Gloria Patri",Polvo,"Mercado de Jamaica, México (puesto 2)",10 x 13.5 cm,"SACHET
“FORMULA ORIGINAL Reforzada”",,
54,AUTENTICOS POLVOS ESPIRITU INTRANQUILO,"Espíritu Intranquilo, espero que corras y te metas en el corazón de _______ y no dejes en silla sentarse, ni en mesa comer ni en cama dormir. Que esté desesperado como las aguas del mar; que corra, que corra y que nadie lo socorra hasta llegar a mis pies y no ponga su atención en ninguna otra mujer, ni casada, ni viuda, ni soltera.
Fulano; yo juro ante Dios y una Santa Cruz que debes andar destrás de mi como los vivos detrás de la Cruz y los muertos detrás de la luz. ",Polvo,"Mercado de Jamaica, México (puesto 2)",10 x 13.5 cm,"“SACHET” Marca Kymila
“El original
GARANTIA TOTAL”",,
55,POLVO ORIGINAL DE Yo puedo más que tú,,Polvo,"Mercado de Jamaica, México (puesto 2)",10 x 13.5 cm,"“SACHET” Marca Kymila”
“El original
GARANTIA TOTAL”
“Con feromonas”
“USO DEL POLVO:
FROTESE EN TODO EL CUERPO Y EN LAS MANOS Y ACARICIE TOTALMENTE A SU PAREJA TODOS LOS DIAS O ANTES Y DESPUES DE HACER EL AMOR PARA QUE LAS RELACIONES SEAN TOTALMENTE SATISFACTORIAS.
MIENTRAS TOMA EL POLVO, MENTALICE CON FUERZA A SU PAREJA APRA QUE SU VOLUNTAD ESTE REGIDA POR USTED Y SEA SIEMPRE MAS FUERTE.”",,
56,PODEROSO POLVO DESTIERRO,,Polvo,"Mercado de Jamaica, México (puesto 2)",10 x 13.5 cm,"SACHET
“Polvos con Color Original”
Elaborado con polvos Especiales:
Este Polvo ejerce un poderoso efecto sobre las personas que deseen perjudicarle.
Modo de Uso:
Escribir Sobre un papelito el nombre de la persona que crea que le esté perjudicando. Limpiese todo el cuerpo con este polvo y vacielo sobre el papel donde ha escrito el nombre. Prendalo con un cerillo de madera y diga las siguientes palabras.
Así como se consume esté polvo, asi desterrará todo mal que quieran de mi.
Las cenizas arrójalas en un crucero. ",,
57,AUTENTICOS POLVOS CHUPARROSA,"Oración:
Oh! Divina Chuparrosa, tú que por el poder divino endulzas y alegras las cosas, quiero que endulces mi vida y alegres mi corazón; ya que por tu divina intercesión he de vencer a mi amado(a) y que sólo sea para mí.
Así como chupas la miel de las flores, chupa la sal y mala suerte que tengo y así en todo vencer, tu novenario te he de hacer, para que tú no me olvides y me traigas al ser amado, fiel y lleno de amor. Así sea, así será. ",Polvo,"Mercado de Jamaica, México (puesto 2)",10 x 13.5 cm,"“SACHET” Marca Kymila”
“El Original
GARANTIA TOTAL”
“Con feromonas”
“Especial para sanarle completamente en el plano emotivo, armoniza y equilibra su corazón para atraer y conservar a la persona amada.”",,
58,AUTENTICOS POLVOS DE PAGAME PRONTO,"Ofrezco e invoco esta oración del espíritu del odio al ángel de la guarda de ______ para que infunda en él odio y que jamás pueda recordarme sin sentir odio.
Que me encuentre y me tenga que ver y si le hablo que no se desentienda y si me debe dinero, me pague pronto aunque nuestras vidas se separen. Amen. ",Polvo,"Mercado de Jamaica, México (puesto 2)",10 x 13.5 cm,"“POLVO CON COLOR ORIGINAL”
SACHET
Elaborado con ingredientes especiales.
A dos Velones Begros, póngales el Nombre deseado y úntelos con el poderoso polvo. Colóquelos de tal forma que queden de espaldas y cada día que las encienda, sepárelas unos centímetros. Al terminar de consumirse, bótelas en dos lugares diferentes y alejados. 
Puede utilizar la siguiente oración:",,
59,Legitimo sachet Quita Calzón,,Polvo,"Mercado de Jamaica, México (puesto 2)",10 x 13.5 cm,"SACHET
Polvos con color original
ESTE POLVO ESTA HECHO ESPECIALMENTE PARA ESTIMULAR SEXUALMENTE A NUESTRA PAREJA Y PARA QUE NO PUEDA HACERLO CON NADIE MAS
INSTRUCCIONES.
UNTELO EN EL CUERPO DE SU PAREJA",,
60,AUTENTICOS POLVOS SAN RAMON NONATO ,"A vos, oh glorioso protector acudo para que bendigais al hijo que llevo en mi seno.- Protegedme a mí y al hijo de mis entrañas ahora y durante el parto que se aproxima. Os prometo educarlo según las leyes y mandamientos de Dios. Escuchad mis oraciones y hacedme madre feliz de este hijo que espero dar a luz por medio de vuestra poderosa intercesión. Así sea. ",Polvo,"Mercado de Jamaica, México (puesto 2)",10 x 13.5 cm,"SACHET” Marca Kymila”
“El Original
GARANTIA TOTAL”
AUTENTICOS POLVOS DE SAN RAMON NO NATO Patrono de las comadronas. 
INSTRUCCIONES
USELO POLVEANDOSE MANOS Y CUERPO PRINCIPALMENTE EN LA PANMZA A LA VEZ QUE DICE LA SIGUIENTE ORACION:",,
61,AUTENTICOS POLVOS TUMBA BRUJOS,"ORACIÓN
DIOS, QUE PARA SALUD DEL GENERO HUMANO, PUSISTE LA MAYOR PARTE DE TUS SACRAMENTOS EN LA SUBSTANCIA DE LAS AGUAS, TE PIDO SE APARTEN TODAS LAS HACECHANZAS [SIC] DEL ENEMIGO OCULTO Y SI NADA HUBIESE QUE AMENAZASE LA INCOLUMNIDAD O EL SOSIEGO DE SUS MORADORES HUYA Y SE ALEJE POR LA ASPERCIÓN DE ESTE POLVO. AMEN. ",Polvo,"Mercado de Jamaica, México (puesto 2)",10 x 13.5 cm,"“FORMULA ORIGINAL Reforzada”
“SACHET” 
Polvos preparados especialmente para retirarle y protegerle de todo tipo de daño hacia usted o su familia o negocio. 
MODO DE USO
EN UN PAÑO O TRAPO DE COLOR BLANCO PONGA EL POLVO, LIMPIE A LA PERSONA SUJETA A CUERACIÓN EN MEDIO DE DOS VELAS BLANCAS, LIMPIESE DESDE LA CABEZA HASTA LOS PIES, AL ESTAR HACHIENDO LA LIMPIA, DIGA LA ORACIÓN ADJUNTA, AL TERMINAR LA LIMPIA QUEME EL PAÑO Y EL POLVO, TAMBI´PEN LO PUEDE ROCIAL EN LAS CUATRO ESQUINAS DE SU CASA O NEGOCIO USELO REGULARMENTE.",,
62,AUTÉNTICOS POLVOS MIEL DE AMOR,,Polvo ¿rosa?,"Mercado de Jamaica, México (puesto 2)",10 x 13.5 cm,"CON FEROMONAS
SACHET
“FÓRMULA Original GARANTIZADA”
ELOABORADO CON PODEROSOSS INGREDIENTES PREPARADOS BAJO RITOS AFRICANOS Y QUE LE SERVIRA PARA ROMPER CUALQUIER OBTACULO QUE LE IMPIDA LOGRAR INCONDICIONALMENTE LA VOLUNTAD DEL SER AMADO.
INTRUCCIONES
PARA OBTENER RESULTADOS EXCELENTES APLIQUESE EN MANOS Y TODO SU CUERPO CUANDO ESTE CON EL SER AMADO.
USELO REGULARMENTE",,
63,POLVO ORIGINAL DE La Zorra,,Polvo,"Mercado de Jamaica, México (puesto 2)",10 x 13.5 cm,"“FORMULA ORIGINAL Reforzada”
“SACHET” 
USO DEL POLVO:
ANTE LO QUE CREA IMPOSIBLE, FROTESE DE ESTE POLVO EN TODO EL CUERPO Y ECHE UN POCO EN LAS CUATRO ESQUINAS PRINCIPALES DE SU CASA O NEGOCIO Y SEA SIEMPRE UN VENCEDOR",,
64,AUTENTICOS POLVOS DE ODIO,"ORACIÓN:
OFREZCO E INVOCO ESTA ORACIÓN DEL ESPÍRITU DEL ODIO AL ANGEL DE LA GUARDA DE _____ Y DE ____ PARA QUE INFUNDA ENTRE ELLOS ODIO, Y QUE JAMÁS PUEDAN RECORDARSE SIN SENTIR ODIO. QUE SE ENCUIENTREN Y NO SE VEAN Y SI SE HABLAN NO SE ENTIENDAN. ESPIRITU DEL CAMINO SEPARA LAS RUTAS DE _____ Y DE ______. AMEN ",Polvo,"Mercado de Jamaica, México (puesto 2)",10 x 13.5 cm,"“FORMULA ORIGINAL Reforzada”
“SACHET”
ELABORADO CON INGREDIENTES ESPECIALES",,
65,POLVO ARRAZA BRUJERIA,,Polvo,"Mercado de Jamaica, México (puesto 2)",10 x 13.5 cm,"“SACHET” Marca Kymila”
“FÓRMULA Original GARANTIZADA”
ELABORADO CON INGREDIENTES ESPECIALES
Este polvo sierve para armorizar a la persona o el lugar donde trabaja, evitando el asedio de fluidos negativos de cualquier clase.
MODO DE USAR EL POLVO:
Arrójese un poco en el lugar, úselo para baño remojando un poco en agua tibia y enjuagándose con él o trótelo en todo su cuerpo. ",,
66,Polvos 7 POTENCIAS,"ORACION 7 POTENCIAS
Oh! Siete Potencias quienes están alrededor del Divino Señor, con gran humuildad me arrodillo ante ustedes e imploro su intercesión ante Dios; mi corazón me dice que es justa mi petición y con esto añadirán mas gloria al Nombre Bendito por los siglos de los siglos de Dios Nuestro Señor
(Hágase la petición) AMÉN.",Polvo,"Mercado de Jamaica, México (puesto 2)",10 x 13.5 cm,"Marca La Santísima, Hnos, Gonzalez
Místico Esotérico
Hecho en México",,
67,POLVO UNICORNIO VENCEDOR,,Polvo,"Mercado de Jamaica, México (puesto 2)",10 x 13.5 cm,"POLVO CON COLOR ORIGINAL
PARA VENCER TODO TIPO DE PROBLEMAS, DIFICULTADES, CHISMES, MALA SUERTE, INJUSTICIAS, SALACIONES Y TODA PERSONA QUE QUIERA HACERLE DAÑO.
MODO DE USARSE:
ARRÓJESE EN EL LUGAR POR DONDE PASE LA PERSONA QUE LE QUIERA PERJUDICAR. ",,
68,AUTENTICOS POLVOS CORTE Y JUZGADO,,Polvo,"Mercado de Jamaica, México (puesto 2)",10 x 13.5 cm,"GANA JUICIO
“SACHET” Marca Kymila”
El Original
GARANTÍA TOTAL”
ELABORADO CON INGREDIENTES ESPECIALES PARA AYUDARLO ANTE PROBLEMAS LEGALES.
ANTES DE PRESENTARSE ANTE LA LEY, JUZGADO O ABOGADO, DEBERA APLICARSE UN POCO DE ESTE POLVO SOBRE EL PECHO Y LAS MANOS.
USELA CON MUCHA FE PARA OBTENER RESULTADOS RAVORABLES Y QUE SU ASUNTO QUEDE ARREGLADO.
SE RECOMIENDA USA ESENCIA DE SU PREFERENCIA.",,
69,AUTENTICOS POLVOA SACA SAL,,Polvo,"Mercado de Jamaica, México (puesto 2)",10 x 13.5 cm,"POLVOS CON COLOR ORIGINAL
SACHET
ELABORADO CON INGREDIENTES ESPECIALES PARA SACAR DE SU HOGAR O NEGOCIO TODA CLASE DE MALES PUESTOS EN USTED O SU FAMILIA
Poner un poco de polvo en las cuatro esquinas de su casa o negacio y con el sobrante limpiarse pasándoselo por todo el cuerpo.
El polvo con el que se limpio lo quema sobre un papel y el que regó en las esquinas lo barre hacia la calle y así estará terminado el trabajo. ",,
70,LEGÍTIMO POLVO VETE LEJOS,,Polvo,"Mercado de Jamaica, México (puesto 2)",10 x 13.5 cm,"POLVO CON COLOR ORIGINAL
FORMULA PARA DESTERRAR A LOS INDESEABLES
SACHET
MODO DE USO
RIEGUELOS EN LA PUERTA PARA LA PERSONA QUE DESEA QUE NO ENTREW, REPITIENDO “VETE, VETE PARA SIEMPRE”
ELABORADO CON INGREDIENTES ESPECIALES",,
71,"AUTENTICOS POLVOS VEN A MI 
[VER # 12 CARTÓN]","Cariño y Amor, esmeraldas de Amor,
Ardiente pasión yo siento por ti y tú por mí.
Tu pensamiento yo lo domino, tu mente sujeta está por el influjo de estas hierbas de Venus y Cupido.
Te llamo, te necesito y tú ami.
Fulano o Fulana de tal Ven a mí. Jacinto, Lila y Malva influyan en su mente y su corazón.
Sabia de mirto circula por su sangre; Yo te llamo Fulano o Fulana de tal.",Polvo ¿rosa?,"Mercado de Jamaica, México (puesto 2)",10 x 13.5 cm,"“Nota: En una noche tranquila encienda una vela roja y una verde. Mirando las llamas, llame a la persona. Las velas se untan con polvos de Ven a mí.
Hágalo 12 noches seguidas”.",,
72,"AUTENTICOS POLVOS DE REY SALOMON DOMINADOR
[Ver # 39 y la del estudiante]","Oración: En el nombre de Dios Padre, te llamo e invoco. oh; Maestro mío, tu guía seriamente busco y necesito ahora; en silencio me siento y escucho, pues tu luz y amor resplandecen en torno mío, trayéndome paz, amor y armonía, evolución y tu sabia guía para encaminar positivamente mi vida hacia una evolución superior. Amén.",Polvo,"Mercado de Jamaica, México (puesto 2)",10 x 13.5 cm,"“SACHET” Marca Kymila”
“El original
GARANTIA TOTAL”
Polvo preparado con ingredientes únicos que le ayudarán a dominar completamente todos los aspectos de su vida y en todo plano. Amor, Negocios, Familia y Relaciones de todo tipo. ",,
73,Polvos MÁGICOS para el AMOR,"ORACION:
Oh Espíritu conquistador, que por tu voluntad has llegado a la corte celestial para socorrer a las personas que de ti necesitan y que a ti te invocan. Yo con tu ayuda conquistaré a ________ con tus fluidos me beneficiaré y tu con el cierto Poder que dios te ha dado, harás que todos por mi sean conquistados, te ofrezco esta luz para que me ayudes en todo lo que te pido y que todo sea. Amén. ",Polvo rosa,"Mercado de Jamaica, México (puesto 2)",10 x 13.5 cm,"POLVOS CON COLOR ORIGINAL.
ELABORADO CON INGREDIENTES ESPECIALES
USO:
Para encontrar pareja o conservar a la pareja amada, use estos polvos directamente en usted, en el cuerpo o en las manos. También arrójese un poco en la ropa de su pareja, en su cama o donde acostumbre estar más tiempo ó en una fotografía entiérrela en una maceta y cada viernes ponga sobre la tierra 3 pizcas de polvo.",,personalizable
74,AUTENTICOS POLVOS DESTRANCADERA,,Polvo,"Mercado de Jamaica, México (puesto 2)",10 x 13.5 cm,"“SACHET” Marca Kymila”
“El original
GARANTIA TOTAL”
ELABORADOS CON INGREDIENTES ESPECIALES
Este polvo es muy útil para quitar barreras u obstáculos que le hayan impedido progresar. Es la llave maestra al éxito, al triunfo y a la máxima realización como ser humano.
MODO DE USO
Vacíe un poco de este polvo a las puertas de su casa o negocio y aplíquese un poco en las manos antes de comenzar sus labores cotidianas. ",,
75,AUTENTICOS POLVOS SANTA MUERTE,,Polvo rosa pálido,"Mercado de Jamaica, México (puesto 2)",10 x 13.5 cm,"ROJA
AMOR Y PASIÓN
Marca Kymila”
“SACHET CONJ FEROMONAS
“El original
GARANTIA TOTAL”
ELABORADO CON IN GREDIENTES ESPECIALES
La Santa Muerte nos proporciona protección, nos acerca al ser amado y nos ayuda a rechazar toda maldad que nos pueda causar daño.
Aplíquese este polvo por todo el cuerpo pidiéndole convencido y con mucha fe que le ayude a vencer todos los obstáculos que se interpongan en su camino y que logre éxito en todo lo que se proponga.
Haga sus peticiones rezando tres Padre Nuestro ",,
76,AUTENTICOS POLVOS DEL DESESPERO,"ORACION:
Desesperado espíritu haz que __________ se desespere por mi. Que no tenga ni un rato de tranquilidad hasta que a mis brazos venga desesperado y hambriento de mi. 
No dejes a ________ ni sentarse ni acostarse hasta que se levante y desesperado venga hacia mi.",Polvo rosa,"Mercado de Jamaica, México (puesto 2)",10 x 13.5 cm,"“SACHET” Marca Kymila”
“El original
GARANTIA TOTAL”
USO:
Póngase en fetiches o directamente en la casa del elegido. Procure también arrojarle un poco encima.",,personalizable
77,AUTENTICOS POLVOS JALA-JALA,,Polvo verde,"Mercado de Jamaica, México (puesto 2)",10 x 13.5 cm,"POLVO CON COLOR ORIGINAL
SACHET
POLVO ELABORADO CON INGREDIENTES ESPECIALES IDEAL PARA ATRAER HACIA NOSOTROS PRINCIPALMENTE EL AMOR, LA FORTUNA, LA SUERTE Y LA PROPERIDAD. ",,
78,PICA PICA ,"ORACIÓN AL ANIMA DE PICA PICA
GLORIOSA ANIMA DE PICA PICA, ANGEL SUPREMO ENTRE LOS ANGELES IDEADOS POR DIOS, FUISTES [SIC] ASESINADO EN LA NOBLE MULA QUE AGURADARA Y TU REGRESO Y QUE POR ELLA FUISTE ENCONTRADO Y ASI PODER DARTE CRISTIANA SEPULTURA, COMO BIEN LO MERECIAS Y DESDE ENTONCES ERES ANIMA DEL BIEN O MAL, PROSEDE RAPIDO EN CUANTO TE PIDO SEA BIEN O MAL, COMO TU LO PROFESAS POR EL ANGEL MAS REBELDE DEL ESPACIO. ",Polvo rojo,"Mercado de Jamaica, México (puesto 2)",10 x 13.5 cm,"Sachet
Sunway U.S.A.
USO
Vacie el contenido en un pedazo de papel y soplelo hasia [sic] el lugar elegido.
Cuidado: no lo use sobre la piel puede causar irritacion.",,
79,"JABON ARRASA CON TODO
COYOTE","La sombra de dios es dichosa y es sagrada, recoge luz del espacio donde tiene su morada, al cantar sus alabanzas ahí sera mi llamada, para tener esta gracia, escalare muchas gradas a la salida del sol cantemos con alegría y pidamos al Señor... si conviene con tu gracias darnos lo que te pedimos e ilumines nuestro camino.",Jabón,"Mercado de Jamaica, México, (puesto 1)",8.55 x 5.5 x 2.5,,,
80,JABON SAN JUDAS TADEO,"ORACION PARA EL TRABAJO
San Judas Tadeo [cruz] intercesor en todo problema dificil [cruz] consígueme un trabajo en el que me realice como humano [cruz] y que a mi familia no falte lo suficiente en ningún aspecto de la vida. [cruz] Que lo conserve a pesar de las circunstancias y personas  adversas. [cruz] Que en él progrese, mejorando siempre mi calidad y gozando de salud y fuerzas. [cruz] Y que dia adia trate de ser útil a cuantos me rodean. [cruz] Asocio tu intercesión a la Sagrada Familia, de la cual eres pariente y prometo difundir tu Devoción como espresión de mi gratitud a tus favores. Amén. ",Jabón ,"Mercado de Jamaica, México, (puesto 1)",8.55 x 5.5 x 2.5,"""USESE PARA CASOS DIFICILES",,
81,"JABON
San Miguel Arcángel","ORACION
A San Miguel Arcángel
San Miguel Arcángel; defiéndenos en la lucha; sé nuestro amparo contra asechanzas del demonio; y tú, Prìncipe de la milicía celestial, con las fuerzas que Dios de ha conferido, arroja al infierno a Satanás y a los demás espíritus malignos que andan dispersos por el mundo para la perdición de las almas. ",Jabón,"Mercado de Jamaicoa, Mexico (Puesto 1)",8.55 x 5.5 x 2.5,VENCEDOR DEL ENEMIGO,,
82,Oración a San Alejo,"San Alejo milagroso, que del mundo te ocultaste, permíteme ser dichoso, pues que el cielo ya lograste, dame paciencia en la vida y haz que a ninguno lo envidie, para que esperando el cielo a tu lado yo termine. Que si tú me lo permites, en el mundo tenga dones, que no me vuelva orgulloso y a mis deudores perdone. Que mi gente sea dichosa y me libres de accidentes; tu mediación prodigiosa me aparte de mala gente. También te pido contrito, confiando en tu gran bondad, que rueges al padre Eterno que perdone mi maldad. Amén. ",Estampa,"Mercado Independiencia, Morelia",9 x 6 cm,,,
83,Tapabocas,"Tapabocas
A ti, fulano(a) y a todo aquel hombre o mujer que trate de hostilizarme, estorbarme, dañarme o perjudicarme, por medio de habladurías o de chismes, yo en este instante te tapo y le retapo la boca, le tapo y le retapo los ojos, le tapo y le retapo los oidos y de todos sus sentidos, para que no siga ni esa persona ni nadie más estrobándome y molestándome con sus malas lenguas. ",Estampa,"Mercado independencia, Morelia",9 x 6 cm,,,
84,Anima Sola de Juan Minero,"Anima Sola de Juan Minero
(Se pide permiso a la Divina Providencia, se rezan tres credos y enseguida se dice la siguiente
Oración
En el nombre de Dios Todopoderoso, Anima sola de Juan Minero, por razón cierta y las horas que están dando, te pido que me metas en el coracón de _____ Santo Ángel de la Guarda de ______. Tranquilidad no le des hasta que a mi ladoestá, Santo, ¡Oh Santo! De mi devoción, que me tome mucho cariño e ilusión. San Salvador de Orta, que se contente conmigo, no importa lo que ha pasado. Anima de Juanito Minero, que me lleve siempre en el corazón y en su pensamiento, que acepte que le quiera. Santa Inés del Monte Perdido, devuélveme el cariño que se ha ido. Espíritu, cuerpo y alma de _____ que desde este momento no tenga más ilusión que para mi _____. Que su amor, su cariño, su fortuna, sus caricias y sus besos, todo él sea nomás para mí _____ cuerpo y alma de _____. No ha de ir a ver ni querer a otra mujer mas que ami _____. En nombre de Dios Todopoderoso, por la sombra de la noche y la luz del día, te pido que los malos espíritus se retiren, mi suerte cambie y lo que yo desee se me conceda. Si estuviese en la casa de otra persona, mi voz llegue a sus oídos a perturbarlo; no lo dejes tener sosiego ni tranquilidad ni con amigos ni con mujer paseando, comiendo, trabajando y de ningún modo que esté y venga a mi como vino el Señor Jesucristo al mundo. ",,,,,,
85,"Oración de amarre total
Ver  35","Oración de amarre total
Por los poderes de San Cipiano y de las tres Almas que vigila: Él viene ahora sobre mi. Enamorado,  lleno de deseo por mi. Cualquier mujer que esté en su cabeza se va. Que Él tenga la certeza que soy la mujer de su vida. Que al comer piesne en mi, que al dormir piense en mi: que sólo quiere verme, olerme, tocarme. Que solo quiera besarme, abrazarme, cuidarme, protegerme las 24 horas de todos los días. Espíritu de Rosita Alvirez, del Caballo prieto y de Santa Inés del Monte perdido, que sin mi se sientra perdido; que se sienta perdidamente enamorado de mí. Te agradezco, ¡Oh, San cipiano! por interceder en mí favor para enamorar totalmente a _____ y traerlo cariñoso, derrotado, dedicado y fiel, lleno de deseo a mis brazos. Amén. (Rezar tres días consecutivos).",,,,,,
86,ORACION A LAS 7 POTENCIAS AFRICANAS,"LAS SIETE POTENCIAS (AFRICANAS)
ORACION
¡OH SIETE POTENCIAS QUE ESTAIS ALREDEDOR DEL SANTO ENTRE LOS SANTOS! HUMILDEMENTE ME ARRODILLO ANTE VUESTRO CUADRO MILAGROSO PARA IMPLORAR VUETRA INTERCESION ANTE DIOS, PADRE AMOROSO QUE PROTEGES A TODA LA CREACIÓN ANIMADA E INANIMADA, Y OS PIDO, EN NOMBRE DEL SACRATISMO [sic]  Y DULCE NOMBRE DE JESÚS; QUE ACCEDAIS AMI [sic] PETICION Y ME DEVOLVAIS LA PAZ DE ESPIRITU Y LA PROSPERIDAD MATERIAL, ALEJANDO DE MI CASA Y QUITANDO DE MI PASO LOS ESCOLLOS QUE SON LA CAUSA DE MIS MALES, SIN QUE JAMAS PUEDAN VOLVER A ATORMENTARME. MI CORAZON ME DICE QUE MI PETICION ES JUSTA Y SI ACCEDES A ELLA, AÑADIREIS MAS GLORIA AL NOMBRE BENDITO POR LOS SIGLO [sic] DE DIOS NUESTRO SEÑOR, DE QUIEN HEMOS RECIBIDO LA PORMESA DE PEDID Y SE OS DARA, ASI SEA EN EL NOMBRE DE PADRE, DEL HIJO Y DEL ESPIRITU SANTO… ¡OIDME CHANGO…! ¡ESCUCHAME OCHUN…! ¡ATIENDEME YEMELA…! [¡]MIRAME CON BUENOS OJOS, OBALATA…! [¡] NO ME DESAMPARES OGUN…! ¡SEME PROPICIO, ORULA…! ¡INTERCEDE PORMI [sic], ELEGUA…! CONCEDEME LO QUE TE PIDO POR LA INTERCESION DE LAS SIETE POTENCIAS AFRICANAS, OH SANTO CRISTO DE OLOFI, POR LOS SIGLOS DE LOS SIGLOS SEAS BENDITO, AMEN",Cartón,Mercado de Catemaco (2017),12.5 X 7.5,,,
87,"ORACIÓN DE LA CRUZ DE OCOTE
SABAGO","Oración de la cruz de ocote
   Ven pronto Fulano de tal
Intranquilo estarás,
Esta cruz soportarás, y de su peso no te librarás 
Hasta que vengas
Y te quedes aquí.
   Esta cruz te pesará, tu prisión será,
Hasta que vengas a mí,
Ni de noche, ni de día,
Te librarás de mí, y te quedes aquí.",Cartón verde,Mercado de Catemaco (2017),12 x 8.5,"Nota: prepare una vela blanca de parafina con polvo de la cruz de ocote y polvo de incienso de congo. Y póngala sobre una cruz de4 ocote.
  Encienda un rato, durante siete días, rezando con mucha fe la oración.",,
88,DON DIEGO DUENDE,"Don Diego Duende
Invocación de don Diego duende, amigo, sabio y poderoso príncipe de los príncipes, Rey de los Reyes, amparador de los hombres, líbrame, líbrame de las malas ocasiones que persiguen mis enemigos.
Bienvenidas sean las cosas en tu nombre y poder, ojos tengan y no me miren, manos tengan y no me toquen pies tengan y no me alcancen, armas tengan y no den fuego, cobardes difamadores aquí estoy y voy con el Duende, que el valor se les desmaye y los pelos se les ericen que todos sean llenos de terror y miedo. Que bien venidas sean a mí las cosas, como yo las deseo, Señor de la naturaleza, Don Diego Duende, ya es tiempo que venzas a mis enemigos. Don Diego Duende que con gran poder sea posible lo que yo deseo de que ha de ser mía la mujer que yo amo y se llama ……… toda vez que yo llevo tu oración en la que creo así te lo pido. ",Cartón rosa,,,"Esta invocación se ejecuta los martes de cada semana, teniendo una vela encendida y una copita de Aguardiente",Masculina,
89,ORACION A STA. MARTA VIRGEN,"Santa Marta Virgen por caramanchel vas a consumir hoy por el aceite con que se enciende esta lámpara y por el algodón con que se limpian los Santos Oleos, te enciendo yo esta lámpara para que remedies mis necesidades y socorras mis miserias y me venzas todas las dificultades como vencistes [sic], la fiera brava que tienes a tus pies; para ti [sic] no hay imposibles dame suerte y dinero para cubrir mis miserias y necesidades. 
[vuelto]
Así Madre mía cocédeme [sic] que fulano o fulana no pueda estar no vivir tranquilo hasta que a mis pies venga a parar, así Madre Mía, concédeme lo que te pido para aliviar mis penas por el amor de dios: Amén Jesús.
   Santa Marta Virgen que en el monte entraste, las fieras bravas espantaste, con tus cintas las ataste; y con tu hisopo las amansaste: así Madre mía, si esto es verdad, concédeme que fulano o fulana, Santa Marta, que no le deje en silla sentar ni en cama acostar ni tenga un momento de tranquilidad, haz que a los pies míos venga a parar. Santa Marta, escúchame, ampárame por el amor de Dios. Tres ave Marías",Cartón naranja,Mercado de Catemaco,12.5 x 8.5,"De la Habana, cuba.
Miércoles y viernes.
“Nota: Es tan eficaz que antes de los 6 viernes concede lo que se le pide por difícil que sea.”",inditintaq,
90,"ORACION-TALISMAN
DRAGON ROJO
APRESURA CASAMIENTOS","En nombre de este talismán yo pido que a (dígase el nombre y apellido) llegue este hechizo para que no vea al sol ni la luna en tanto no me cumpliere su fidelidad entre él y yo.
Yo lo conjuro a nombre, poder y fuerza del DRAGON ROJO para que se CASE CONMIGO en plazo de (diga aquí el tiempo) so pena de apelar a otros hechizos más rígidos si no cumpliere.",Cartón amarillo,Mercado de Catemaco (2017),12 x 8.5,"“Después de bañar y perfumarse todo el cuerpo antes de que salga el sol, haya [sic] su petición invocando al poderoso DRAGON ROJO y después diga estas palabras poderosas de JONAS: jodsa Jalma Afia.”
[Luego de la oración dice:]
“Si más adelante no pensaras unirte o casarte con esa persona Debes quemar esta tarjeta.
Escrito por el mago alemán Jonas S. ",,"Registrada por Araceli Campos RLP Oraciones mágicas en impresos populares, p. 336-337.
Para inf. Sobre el dragón rojo, ver el libro de san Cipriano."
91,ALMA DE JUAN PERDIDO,"Oración Invocada al Alma de Juan Perdido
ORACION
“alma de Juan perdido”, Alma de los Cuatro vientos, yo te pido con toda la fé [sic] de mi corazón, con toda la fuerza de mis entrañas, yo te pido que no permitas que otra mujer me quite el cariño de ______ fulano de tal y que me lo traigas humillado y arrodillado a mis pies, lo más pronto que puedas. ",Cartón verde,Mercado De Catemaco (2017),12.5 X 8.5,"[Antes de la oración dice:]
“Toda mujer que no sea feliz en sus amores o que la hubiesen abandonado por el novio, o por el marido, o por el amante, y que deseé tenerlo nuevamente subyugado, humillado y arrodillado a sus pies, deberá hacer esta oración que fue hallada en la alcoba de Cleopatra, reina de Egipto. Dicha reina haciendo esta oración consiguió dominar a cuanto hombre quiso, entre ellos el célebre Marco Antonio. Haciendo la oración con toda fé [sic] y por espacio de 8 noches, y repitiéndola 9 veces por noche, conseguirá atraerse al hombre amado” 
[Después de la oración, en letras pequeñas, dice:]
Después se llamará mentalmente por su nombre al hombre que deseé atraer.
Antes de hacerse esta oración, se encenderán cinco velas puestas en forma de cruz y se rezará un Padre Nuestro y un Ave María. Se recomienda mucha reserva.", femenina,"Registradaq por Araceli Campos . RLP, p. 336"
92,ORACIÓN AL ANIMA DEL RETIRO,"Anima del RETIRO Yo te llam o, yo te invoco, para que con tu mucho poder, me RETIRES al MAL VECINO y a MIS ENEMIGOS, te lo lleves a la REGIÓN DEL OLVIDO.
Con este CIRIO NEGRO yo te prendo, ANIMA DEL RETIRO cuánto yo te pida me lo has de conceder. MORTIFICALO, que en su casa a gusto no esté, que sienta tristeza y temor, y humilde me lo haz [sic] de traer.
Que los MALOS VECINOS se ALEJEN sin DILACION con esta AGUA, del ANIMA DEL ANIMA [SIC] DEL RETIRO, QUE yo RIEGO A LAS PUERTAS DE SU CASA, PARA QUE ACTIVE SU retiro. Por eso te alabo por eso te bendigo y todo lo 1que yo te pida me sea concedido.",Cartón blanco,Mercado de Catemaco (2017),12.5 x 8.5,“Nota: Récela con fervor y más pronto de lo pensado será concedido”.,,
93,ORACIÓN DEL LIMÓN MÁGICO,"ORACION DEL MAGICO LIMON
   Limón que corto en está [sic] solemne y negra noche, ayúdame en todos mis propósitos sean buenos o malos.
   con el poder de todos los espíritus errantes y especialmente Sábado que en ésta hora vengan sin censar por el negro firmamento.
Recurro a tu poder para que yo obtenga de ______ lo que tanto deseo.",Cartón amarillo,Mercado de Catemaco (2017),12 x 8.5,"“USADA PARA OBTENER PODER Y DOMINIO SOBRE ALGUIEN”
[Después de la oración dice:]
Esta oración se hace los Sábados y los Martes en la noche, atravesando un limón con una aguja vieja y oxidada y luego espolvoreando sobre el “Polvo del PODER ROJO” y unas gotas de “ACEITE DE LOS CINCO PODERES”
“COMPRE Y USE LOS POLVOS”",,
94,ORACION DEL CABALLO BLANCO,"ORACIÓN DEL CABALLO BLANCO
ALMA DE CABALLO BLANCO, ALMA DE JUAN MINERO, ALMA DE LUCIFER; POR AQUELLAS BARRANCAS QUE SUBISTE Y BAJASTE CON TANTO TRABAJO, QUIERO QUE (FULANO DE TAL) VENGA A MIS PLANTAS HUMILLADO Y RENDIDO A CUMPLIRME.
NO HA DE SENTAR EN SILLA; NI HA DE COMER EN MESA; NI HA DE PLATICAR CON NADIE HASTA QUE (FULANO DE TAL) VENGA A MIS PLANTAS.
GALLOS CANTEN; CAMPANAS SUENES HASTA QUE (FULANO DE TAL) VENGA A MIS PLANTAS RENDIDO Y HUMILLADO A CUMPLIRME. ",Cartón verde,Mercado de Catemaco (2017),12 x 7.5,,,
95,"Oración
AL Corderito MANSO","ORACION DEL Corderito Manso
Corderito Manso que en el altar estás vence a mis enemigos que contra de mi estén que mi corazón encarne en el de él, como encarnó Jesucristo, mandó y a San Lázaro venció cómo no he de vencer yo a este enemigo traidor, con dos te miro, con tres te agarro con la sangre de Jesucristo el corazón te parto. 
  A mi enemigo veo venir con ojos vendados y los brazos inutilizados, Sangre de Jesucristo me pide y yo no se la he de dar, yo te pido gran Señor que me lo traigas, que me lo has de traer, rendido a mis pies vencido y desanimado; tienes fuerza para vencerlo, si algo del diablo intentan contra mí, no se lo permitirás; si a la justicia se fuere, no ganará; si a defensores pusiere todos se negarán. Jesucristo, como cordero estarás a mí, al mirar mi presencia todos se desmayarán. AMEN. ",Cartulina blanca satinada,Mercado de Catemaco (2017),12 x 8.5,"[Después de la oración dice:]
“Tres Ave María y tres Gloria Patri”. ",,
96,ORACION DEL COYOTE,"Coyotito hermoso: Por la virtud que Dios te dio [sic] con tu talism ás Poderoso, que cargas en la cabeza, préstamelo para que con El haga cuanto yo quiera; salirme de una prisión, y en cualquier juego a qne [sic] yo juege [sic], siempre lo gane. Líbrame de cuantos enemigos yo tenga. Y que se enamore de mí, cuanta mujer yo quiera, sea doncella, viuda o casada.
   Yo te juro, por los espíritus Endemoniados, que son Samuel el muerto, la Muerte Blanca y la Muerte Negra, y los Espíritus que vagan por [vuelto] todo el mundo, que me concedas todos mis deseos; que todos tus favores te los pagaré con quererte y hacerte tus ayunos.
(Todos los días Martes y Viernes con dos velas enc3endidas, se Dirá):
Coyotito Hermoso: tráeme a Fulano …. O a Fulana de tal ……
El pedimento se hace a las doce del día los Martes y a las doce de la noche los Viernes, que será concedido lo que se pida por dificíl [sic] que sea.
ORACION
Alma de Sarabia, Capitán de los Perdidos, Protector de las almas Desoladas, Espíritus, que dominan a los Espíritus
Encarnados, dominen mís [sic] dificultades. Así sea.",Cartulina blanca satinada,Mercado de Catemaco,12 x 8.5,,,
97,ORACION DE LA LLAVE MAESTRA,"ORACION  DE LA LLAVE MAESTRA
OH, SIMBOLO SAGRADO PARA EL QUE NO HAY IMPOSIBLES ABREME EL CORAZON DE _______, PARA QUE MIS DESEOS, MIS PASATIE4MPOS PUEDAN ENTRAR Y SEAN RECIBIDOS, ABREME DE LAS PUERTAS DEL EXITO Y DEL TRIUNFO PARA ENTRAR Y SALIR BIEN EN MIS NEGOCIOS. ABREME LOS PORTALES DE LA ABUNDANCIA PARA QUE EN MI HOGAR HAYA SALUD Y FELICIDAD Y NUNCA NOS FALTE EL PAN DE CADA DIA. POR MIS PETICIONES, OFRENDO DIRIAMENTE SOBRE MI CUERPO, EN MI NEGOCIO Y EN MI CASA EL ROCIO BENDITO DE LA LLAVE MAESTRA ASI SEA Y ASI SERA, AMEN.",Cartón verde,Mercado de Catemaco,12 x 7.5,,,
98,ORACION “JUSTO JUEZ”,"ORACION AL JUSTO JUEZ (PARA MUJER)
SANTÍSIMO, BEATISIMO, DICHOSISIMO ESTANSARTE [sic], DONDE MURIO AQUEL JUEZ PIADOSO, SANTISIMO. MERCED TE PIDO QUE ME HAGAS VENCEDOR DE MIS ENEMIGOS Y ME LIBRES DE LOS LAZOS DEL DEMONIO, DE LOS DE LA JUSTICIA Y DE LOS FALSOS TESTIMONIOS. SANTÍSIMA CON DOS TE VEA, CON TRES TE ATO, EON [sic] EL PADRE, CON EL HIJO Y CON EL ESPÍRITU SANTO.
   EN EL HUERTO ESTÁ SAN JUAN CON EL DOMINUS DEO  LE DIJO AL JUSTO JUEZ: SEÑOR, AM IS [sic] ENEMIGOS VEO VENIR QUE LIGADOS VIENEN SUS PIES Y MANOS Y SUS OJOS VENDADOS Y NO HARÁN DAÑO, NI A TI, NI A LOS QUE ESTUVIESEN A TU LADO, SI OJOS TIENEN NO TE VERÁN, SI MANOS TIENEN NO TE TOCARAN Y SI BOCA TIENEN NO TE HABLARAN, Y SI PIES TIENEN NO TE ALCANZARAN, ES EL PODER DE MARIA TAN FUERTE Y VENCEDOR QUE SALVA AL QUE ES INOCENTE Y CASTIGA AL QUE ES TRAIDOR; MANSOS Y HUMILDES DE CORAZÓN LLEGUEN MIS ENEMIGOS SIEMPRE A MI COMO LLEGO NUESTRO SEÑOR AL VERDADERO ÁRBOL DE LA CRUZA S. N. DE QUIEN TE FIAS, DE LA SIEMPRE FIEL VIRGEN MARIA, DE LA HOSTIA CONSAGRADA HOY EN MANSO [sic] DE UN SACERDOTE VIRGEN SANTÍSIMA, LÍBRAME DE MIS ENEMIGOS VISIBLES COMO LIBERASTE DE JONAS DEL VIENTRE DE LA BALLENA POR EL AMOR DE DIOS. AMEN. 
UN CREDO AL GRAN PODER DE DIOS Y SE DICE ESTO:
JESUCRISTO ME ACOMPAÑE
Y SU MADRE DE QUIEN NACIO
LA HOSTIA CONSAGRADA
Y LA CRUZA EN QUE MURIÓ.  ",Cartón rosa,Mercado de Catemaco,12.5 x 7.8,,,
99,ORACION DEL PURO,"ORACION DEL PURO
Puro, purito, yo te conjuro en el nombre de la muerte; la señal que te pido me la has de dar, la ceniza tiene que caer, si está ansioso por hablarme; su boca ha de abrir y con esta oración tiene que venir manso, desesperado y humillado a las plantas de mis pies.
   Alma de los 4 vientos, tú que andas por el mundo entero  quiero que me traigas a fulano …… por lo siete espíritu [sic] y las siete ánimas, has que cambie sus amores y vuelva a mí, con el gran poder de la muerte, tú  que transitas por el mundo en calles, montes y colonias, si encuentras el alma de fulano ….. no me la dejes pasar, hasta que venga rendido a mis pies, si está sentado, no lo dejes con calma; ponte, en su mente mi pensamiento, si está durmiendo que me sueñe, no podrá dormir tranquilo, pues un niño él ha de oir llorar.",Cartón rosa,Mercado de Catemaco,12.5 x 8.7,,,
100,SANTA ELENA DE LA CRUZ DE LOS 3 CLAVOS,"INVOCACION A SANTA ELENA DE LA CRUZ
Oh gloriosa Santa Elena, madre amantísima del Gran Constantino, emperador Romano, Vos que siendo hija de Rey y Reina, al monte Olivete fuiste por nuestro entrañable amor hacia el Divino Jesús.
   Yo quiero vuestra poderosa intercesión para conseguir lo que deseo. Estos tres clavos de Nuestro Señor Jesucristo, imitación de los que Vos poseísteis, dispongo de ellos en la forma que vos hicisteis, uno lo doy a tu hijo el gran Constantino, por lo cual queda en vuestra bendita imagen, otro lo tiro al agua como vos lo tirasteis al mar para salvación de los navegantes y el otro lo clavo en este objeto dedicado a ………. Para que se clave en su corazón, a fin de que no pueda comer, ni en cama dormir, ni en silla sentar, ni con mujer ni hombre hablar, ni tenga momento de reposo, hasta que por vuestra intercesión se rinda a mis plantas.
   Si ésto [sic] que deseo me fuese concedido por vuestra mediación, yo seré toda mi vida vuestro más amante y sincera devota o devoto por lo siglos de los siglos. AMEN. ",Cartón rosa,Mercado de Catemaco (2017),12.5 x 8.9,,,
101,La oración del duende en combinación con perro prieto,"¡Oh Estrella encantada! ¡Oh Luz Bella! Tú eres la más privilegiada y querida de los ciclos [sin ¡por cielos?],fuiste arrojada a la tierra, no obstante de tu gran poder que ten+ias en los cielos y a pesar de ser tu [sic] la más queridísima de Nuestro Señor, fuiste desechada porque intentaste colocar tu trono en lo más alto de lo ordenado por el Señor, y así como fuiste desechada por tu desobedicencia, así yo te ordeno con la ayuda de Lucifer se cumplam mi mandato en conversión con la Gallina Prieta para dominar a (Nombre) así como también te pido Lucifer, Lucifer, Lucifer, me des poder para tener suerte, trabajo y dinero, para lograr lo que desee, y si es para el juego de las barajas tú Satanás, con tu poder invencible, me des suerte para ganar todo en los albures, pues así como sorprendiste a la Gallina Prieta, así sorprende a los que en mi contra se [vuelto] pongan. Lucifer, Lucifer. Lucifer, dame poder grande para que cuanto te pida se me conceda y en el amor ser yo la privilegiada. Ayúdame con el corazón del caballo Prieto, Prieto para que cuando llame a (Fulano) venga inmediatamente. Si está dormido en su almohada, colócale y llénale de abrojos y perturbale [sic] para que impaciente, salga en busca de mi mandato, y si está trabajando no le dejes un momento tranquilo y que piense en mí pues todo mi anhelo es para hacerle feliz. ¡Satanás! Tú con tu poder que eres omnipotente, debes vencer todos los obtáculos que se me presenten y con tu luz de inteligencia alumbrar en mi camino para lograr que yo venza a ………..  y con la larga cola simbólica que tienes lo amarres y lo traigas hasta mí. Lucifer, Lucifer, Lucifer, pido se cumpla lo que te evoco. ",Cartón verde,Mercado de Catemaco (2017),12 x 8.5,,,
102,"ORACION AL STO. ANGEL DE LA GUARDA.
ORACION AL ESPIRITU DE LA PERSONA","ORACION AL STO ANGEL DE LA GUARDA
De _______ llamándolo Santo Ángel de la Guarda de ______ que gusto no tenga hasta que a mi casa no venga, Santo de hombre de ________ tranquilidad No le des hasta que a mi lado este. Sto. ¡OH¡ [sic] Santo de mi nombre y devoción que me tome mucho cariño e ilusión. San salvador de Orta que se contente conmigo, que importa, Anima de Juan minero que me quiera y que lo quiera, Sta. Inés del monte Perdido, devuélveme el cariño de ________que se ha ido. Espíritu, cuerpo y alma de ________desde este momento no tenga mas gusto, mas ilusión que para mí ________Espíritu, cuerpo y alma de _________ que su amor, su cariño, su fortuna, sus caricias, sus besos, todo él sea nomás para mí ________ cuerpo y alma de _________ no has de ir a ver ni a querer a ninguna otra mujer mas que a mi Espíritu de San Cipriano _______ tráemelo Espíritu de Sta. Elena ________ tráemelo Espíritu de Sta. Martha ________ tráemelo Espíritu de la Caridad del Pobre ______ tráemelo Virgen de Covadonga tráeme a fulano de tal.
[vuelto]
ORACION AL ESPIRITU DE LA PERSONA
Espíritu, cuerpo y alma de fulano, ven por que [sic] yo te amo, yo te sugestiono; Yo te domino tranquilidad no has de tener hasta que vengas rendido y humillado ante mis pies, así como atravieso este alfiler en la mitad de esta vela, así quiero que atraviese mi pensamiento la mitad de tu corazón para que olvides a la mujer que tengas y vengas que yo té [sic] llamo (Se repite 3 veces) Ángel de su día, Ángel del día de hoy, Ángel de la guarda de _______ doblega el corazón de ________ para que olvide a la muer que tenga y venga rendido a mis pies. (Se repite 3 veces).
TA NOMBRADO EL ESPIRITU SE DICE:
Espíritu de luz, que alumbráis las tinieblas de las almas, alumbra el cerebro de ______ para que se acuerde de mí y todo lo que tenga me lo de [sic] impulsado por tu poderes; a que sea el esclavo de mi amor; tranquilidad no le des hasta que a mi lado este.",Cartón amarillo,Mercado de Catemaco (2017),12.5 x 8.9,,,
103,"ORACIÓN AL SABIO REY SALOMON
ORACION PARA DISTANCIAR A DOS PERSONAS","ORACION AL SABIO REY SALOMON
DOMINADOR
Para librarse de daños y males diabólicos, envidias, fracasos, miserias, etc.
A vos invoco Sabio Rey Salomón, elegido por Dios Todopoderoso para guía y horizonte de la humanidad.
A voz invo0co para que con tu fuerza invisible y tu sabia desición, retires para siempre de este lugar los bichos malos y las cizañas de los fracasos y miserias.
Las culebras y víboras de la envidia, los escorpiones y las viscosas lagartijas de los males diabólicos y brujerías. AMEN
NOTA: En una vela del Espíritu del Poder unte un poco de aceite de Salomón; encienda la vela y sobre la flama arroje un poco de polvo del Poder de Salomón, al tiempo que reza la oración.
[vuelto]
ORACIÓN PARA DISTANCIAR A DOS PERSONAS
Este trabajo debe iniciarse en Sábado, continuarse el Lunes y darlo por terminado el Martes.
Unte 6 velas negras de sebo con chile piquín y escriba sobre cada una de ellas el nombre de las personas que quiere distanciar, luego susurre:
“por medio de estas velas, quiero que ……. y ……. se peleen y se alejen para siempre uno del otro”,
Azote las velas contra el piso, luego enciéndalas y permanezca ahí hasta que las dos velas se consuman.",Cartón rosa,Mercado de Catemaco (2017),12.5 x 8.5,,,
104,"EL HECHIZO DE LOS TRECE CLAVOS
EL HECHIZO DEL BESO DE FUEGO
ORACIÓN DE LA ANIMA SORDA-Y-MUDA","El hechizo de los trece clavos
En cualquier d+ía de trabajo, vístase sin negro y sin horquillas en el pelo. A la hora de la merienda, sírvale un té de clavos, con bastante miel, hecho con agua de lluvia.
El hechizo del beso de fuegop
Cuando el joven que ama está sentado a su lado, póngase un clavo fresco en su boca y chúpelo hasta que sienta la saliva en su boca. Esto es el río místico que ablandará la resistencia del hombre, y también su corazón. Habrá cierto cambio en su mirada, y observará los movimientos de su boca. Póngase otro clavo en la bosa, esta ves [sic] debajo de la lengua. Entonces, ponga el tercer clavo en la boca de él convirtiendo así sus labios en una boca de fuego. 
[vuelto]
ORACIÓN DE LA ANIMA SORDA-Y-MUDA
Padre Eterno, soberano dios, etc.
Anima, ánima, ánima sola, que gimes y lloras por montes y valles: yo te llamo y te necesito para que me vayas a buscar nueve ánimas de Limos, nueve necesito, nueve me has de traer, tres ahorcadas, tres arcabuceadas y tres muertas desgraciadas. Estas nueve ánimas retorcerán en la cabeza de …… y otra vez se volverán, y no la dejarán pasar, vivir ni comer, ni beberá, ni descansará, ni enamorará a ninguna otra, no volverá a pensar en mi, todo aborrecerá, ni con otra tendrá poder, sólo conmigo. Hasta que rabiando como un perro, humilde y manso, desesperado y loco de amor, sólo por mí, como Jesucristo tuvo que morir en la Cruz. Así tú ven ………. ven a rogarme con todo tu amor …… ven que te necesito, Amén.  ",Cartón amarillo,Mercado de Catemaco,12 x 8.5,,,
105,ORACION A STA. MARTA ENAMORADA,"Sta. Marta del amor, por el amor que puse en ti [sic], dile a los doce diablos más profundos del amor, que no la dejen por el día, ni por la noche ni un momento tranquila.
   Que sin mí no puedas estar un momento en sueño de revelaciones que me revele yo en sentido, en imaginación, y que piense en mí, que el amor que le tenga a otro de lo haga a mí en el nombre de Santiago Mulato.
San Judas Tadeo, San simón, cirineo, Santo Tomás, Caba, Luzbel, que estos venavedores sean los que traigan a arrastrones y empujones hasta no verla a mis pies.
Oh Santa Marta maula, que cuando en el mundo anduviste todo se te concedía, cualquier intento que hacías, concede lo que yo te pido alma de los cuatro vientos prin- [vuelto] cipe de los cuatro vientos príncipe de las tinieblas, tú que andas por mares y tierras y vientos traéme [sic] en el pensamiento de Jesucristo que yo te pido.
    Muerte negra, muerte blanca, muerte de los cuatro vientos, Santa Marta, San Apolinar, San Apolonio 7 sueños y 7 flores, 7 penas, 7 diablos sean los que me traigan lo que quiero. Alma de Juan minero, repito tres veces: alma de Juan minero, alma de los cuatro vientos tú que andas por cerros y montañas.
   Santa Marta, Santa Elena de la Cruz del amor que puse en ti. Santa Marta Chiquita y bonita, Santa Elena de la Cruz chiquita y bonita concédeme lo que te pido que sin mí no pueda estar un momento tranquila y que no pueda comer, ni dormir sueño que ha de tener hasta no verla rendida a las plantas de mis pies.",Catón blanco satinado,Mercado de Catemaco (2017),12 x 8.5,,,
106,Oración del Antigua y milagrosa [sic] Espíritu Dominador,"Espíritu Dominador que dominas en las planos terrenales y espirituales, te llamo tres veces para que vengas y te manifiestes en este Cirio de Amor y Cariño y que por medio de El me concedas el amor y cariño de ..........
   Ven pronto y rápido que dominado te tengo por el poder y mediación del Espíritu Dominador.
   Espíritu de Juan Minero, tráelo.
Espíritu del Caballo Prieto, ciégalo de amor por mí.
Espíritu de Juan perdido, búscalo y tráelo a las puertas de mi casa.
   Espíritu de Rosita Alvirez, enamóralo y nunca lo dejes hasta que rendido y humillado venga a las puertas de mi casa.",Cartulina blanca  satinada,Mercado de Catemaco (2017),12 x 8.5,"NOTA: Se hace 9 noches usando dos velas rojas, untadas con polvo del Espíritu Dominador.",,
107,POLVO SOBRENATURAL PODEROSO MONICATO.,"LEGÍTIMO POLVO SOBRENATURAL DEL Poderoso Monicato.
MONICATO Y LUZBEL QUIERO QUE ME DOMINES A FULANO O FULANA. ",Polvo gris claro,Mercado de Catemaco (2017),9.5 x 5.7,"USELO POLVEANDOSE DESPUÉS DE REZAR LA ORACION AL PODEROSO MONICARO Y TAMBIÉN VISTA LAS VELAS CON ESTE POLVO.
COMPRE EL AMULETO DEL MONICATO.
SABAGO UNICIN MEZ",,
108,Novena a la santa muerte,,,,,,,
109,ORACION DE LA “VELA ATRAYENTE”,"ORACION DE LA “VELA ATRAYENTE”
LLAMA ARDIENTE, ARDE FUERTE E INFLAQMA CON TU FUEGO, EL CORAZON DE ESTE HOMBRE QUE MI ESPOSO (NOVIO, AMANTE, ETC.) ES.
LLAMA DEL AMOR, LLAMA ARDIENTE, LLAMA DE MIEL NO DEJES QUE MI ESPOSO (NOVIO, AMANTE, ETC.) ME SEA ARREBATADO POR NINGUNA MUJER.
EMBRUJO DE AMOR, LLAMA DE AMOR, HOMBRE DE AMOR ERES Y SOLO MIO SERAS.
MUJER INTRUSA, ASI COMO SE CONSUME ESTA VELA ASI TE CONSUMIRAS TU, BORRADA DE SU PENSAMIENTO SERAS.
MIEL Y MANTEQUILLA AFRODISIACOS SON INTRUMENTOS MIOS SERAN.
AMOR Y CALOR ME DARAN Y AMANTE ESPOSO (NOVIO, AMANTE, ETC.) TENDRE.",Cartón amarillo,Mercado de Catemaco (2016),12.5 x 7.8,"NOTA: UNTE UNA VELA ROJA CON MIEL, MANTEQUILLA Y POLVO DE LA VELA ATRAYENTE Y RECE 12 DIAS LA ORACION. UNA VELA POR DIA.
SE TENDRAN ENVUELTAS EN TRAPO VERDE. FROTE SUS LABIOS.",,
110,TALIZMAN [sic] COLMILLO DEL COYOTE ,"ORACION DEL COYOTE
Coyotito hermoso por el poder que tienes con tu colmillo virtuoso voy hacerlo relicario. Para que me devulevas el cariño de fulano de tal para que olvide a la mujer que tenga y venga rendido y humillado a cumplir lo que me ha ofrecido.","Bolsa de celofán con la oración impresa en papel amarillo engrapada a un cartón. Tiene un frasquito con líquido rojo y una bolsita de paliacate rojo con un colmillo, un cuadrito de cuero cabelludo con pelo gris, amarrada con una liga roja. ",Para mayor resultado y tener suerte use este amuleto de doble suerte,,,,
111,EL GATO DEL AMOR,,"Bolsa de celofán sellada con un gato rojo de fieltro, ojos de lentejuela azul y alfileres por bigotes. La oración impresa en un papel blanco recortado. ",(2017) Mariana,,"Atraqpe cualquier persona con efectos rapidos: el gato rojo del amor atraé [sic] y domina al ser amado.
INSTRUCCIONES;
Con un alfiler de cabeza roja se le clava en el corazón, pronunciando el nombre de la persona que se desea atraer se le pone el nombre en un papel y se le pega al gato. Lo envuelve en su pantaleta por tres dias y luego lo quema con un poco de alcohol y ara [sic] una nube de humo, que atraera a la persona; cominandola. ",,
112,AMULETO GALLINA NEGRA,,"Bolsa de celofán sellada con una gallina de fieltro negra con la cresta roja, Un ojo de lentejuela. El texto en un papel blanco impreso. ",,,"USE ESTE AMULETO PARA PROTEGERSE DE TODO MAL QUE QUIERAN HACERLE O LE HAYAN ECHO [sic].
MODO DE USO: DEJE ESTE AMULETO SERENAR DURANTE UNA NOCHE ENTERA AL DIA SIGUIENTE LIMPIESE CON EL AMULETO.
PASELO POR TODO EL CUERPO DICIENDO ME LIMPIO, ME LIMPIO Y ME LIMPIO TRES VECES LEO [sic] HE DE DECIR PORQUE DE TODO MAL LIBRE YO HE DE QUEDAR.
POSTERIORMENTE DESPUÉS DE LA LIMPIA PONGA UN POCO DE ALCHOL [sic] SOBRE EL AMULETO Y QUÉMELO.
ASI QUEDARA LIMPIO DE TODO MAL DE OJO CHISMES Y EMVIDIAS [sic]",,
113,ORACIÓN A SAN GABRIEL,"ORACIÓN A SAN GABRIEL
GLOSIOSISIMO PRINCIPE DE LA CORTE DEL CIELO Y EXCELENTISIMO SAN GABRIEL, ´PRIMER MINISTRO DE DIOS, AMIGO DE JESUCRISTO Y MUY FAVORECIDO DE SU SANTISIMA MADRE, DEFENSOR DE LA IGLESIA Y ABOGADO DE LOS HOMBRES PUES TANTO FAVORECEIS A VUESTROS DEVOTOS, HACED QUE YO OS SEPA AMAR Y SERVIR Y ALCANZADME DEL SEÑOR LO QUE DESEO Y PIDO EN ESTA ORACION A MAYOR HONRA Y GLORIA SUYA Y PROVECHO DE MI ALMA. AMEN ",Cartón amarillo,Mercado Independencia Morelia (2017),,,,
114,ORACION A CHANGO MACHO,"ORACION A CHANGO MACHO
ESPIRITU DE LA BUENA SUERTE
EN NOMBRE DEL PADRE, DEL HIJO, DEL ESPÍRITU SANTO; YO TE INVOCO, PODEROSO GUERRERO PARA QUE A TRAVES DE TI, SE CUMPLA LA VOLUNTAD DE NUESTRO SEÑOR. 
SOLO RECLAMO TU GRACIAS PARA QUE MI FE SE FORTIFIQUE Y HAYA PAZ; AMOR Y JUSTICIA EN MIS ACTOS Y PENSAMIENTOS.
POSTRADO ANTE TU IMAGEN, PIDO TAN SOLO SUERTE PARA CUBRIR MIS NECESIDADES, PARA LLEVAR ALEGRIA Y REGOCIJO A MI HOGAR Y A MIS SEMEJANTES, PARA (HAGA PETICION). JURO QUE NO HAY EGOISMO EN MI PETICION SINO SOLO CONFIANZA EN LA DIVINA PROVIDENCIA. 
AMEN. ",Cartón rosa,,,,,
115,Oracion a Santiago de Galicia,,Oración,,,,,
116,POLVO DE LA BRUJA CONTRA MALEFICIOS,,Polvo gris claro ,Mercado Independencia  de Morelia (2016),,"POLVO DE LA BRUJA      Para quitar del cuerpo de una persona cualquier maleficio causedo [sic] por obra negra satánica.                 MODO DE USARSE                      En día viernes a las 12 del día, se baña al enfermo con Sangíia Espiritual, en seguida se frota todo el cuerpo con Polvo de la Bruja y se acuesta al enfermo por término de una hora y en 13 dias tendrá alivio ottal [sic]",,
117,"LEGITIMOS POLVOS ""YO DOMINO A MI HOMBRE""",,Polvo gris,Mercado Independencia  de Morelia (2016),,legitimo polvo de     yo domino a mi hombre,,
118,LEGITIMO POLVO DE SAN SIMON,"SAN SIMÓN      Gracias    Oh poderoso San simón, vengo humildemente a postrarme ante ti para que me ayudes en todos mis actos y en todo peligro.     En el amor, detendrás al ser que yo quiero, en los negocios que jamás caiga porque no dejarás que los brujos tengan más poder que tú. Si es un enemigo, eres tú el vencedor, si son enemigos ocultos, con tu poder los alejas en cuanto te nombre.     Poderoso San Simón, te ofrezco tu puro, tu tortilla, tu guerito y tus velitas, si me sacas de cualquier peligro en que me encuentra, ya sea que me demanden por deudas, que por el tiempo no las pueda pagar, que el juez quede vencido al lado mio por tu nombre, que todo quede en el olvido y te pido a nombre de aquél a quien vendieron los 30 monedas y fueron dadas a los más necesitados.     Asi quiero que me hagas los milagros que te pido. Oh Judas simón, te llamo hermano en todo momento, porque estás en la tierra, en las montañas, llanos, bosques, ciudades, campos, aldeas y casas. Amen. (hágase la petición).     Usala en riegos y baños para obtener [ilegible] especialos o cosas difíciles.",Polvo gris claro ,Mercado Independencia  de Morelia (2016), ,,,
119,LEGITIMO POLVO ARRAZA CON TODO   ,Polvo blanco,,Mercado Independencia  de Morelia (2016),,USELO QUEMANDO EN BRAZAS   ABRE CAMINO   ARRAZA TODO   USELO POLVEANDOSE DESPUES DEL BAÑO.  [VERSO:] USE ESTE MARAVILLOSO POLVO DESPUES DEL BAÑO POLVEANDOSE.   PODEROSO RESGUARDO CONTRA MALEGICIOS ,,
120,POLVOS LEGITIMOS DE LA GUADAÑA JUZGADORA,"Así como disuelvo y arrojo al viento estos polvos de la Guadaña juzgadora, así se retiran de mi presencia todos aquellos hombres y mujeres que sean mis enemigos o enemigas. ",Polvo gris,Mercado Independencia  de Morelia (2016),,LEGITIMO POLVO DE LA GUADAÑA JUZGADORA.   Se ponen estos polvos en la pálma de la mano izquierda se le sopla al lado donde va el viento ey se dice:,,
121,LEGITIMO POLVO del Antiguo y Milagroso   Espiritu Dominador,"Espiritu dominadorque domina en los planos terrenales y espirituales, te llamo tres vecespara que vengas y te manifiestes en este cirio de amor y cariño y que por medio de el me concedas el amor y el cariñio de ___________   Ven pronto y rápido que dominado te tengo por el poder y mediación del espíritu Dominador. Espiritu de Juan Minero, traelo.    Espíritu de juan Perdido, búscalo y trelos a las puertas de mi casa.    Espíritu de Rosita alvirez enamoralos y nunca lo dejes hasta que rendido y humillado venga a las puertas de mi casa.  ",Polvo gris claro,Mercado Independencia  de Morelia (2016),,NOTA: se hace 9 noches usando dos velas untadas con polvo del Espíritu Dominador.       CITUN NUEVE,,
122,LEGITIMO POLVO DE        PERRO CAZADOR,Oración:  Perro cazador Amigo Fiel hasta la muerte yotem riego este polvito y te marco el caminito para que te lleves de aquí a  _______ que en los caminos se piedan y jamás regresen. Amén,Polvo gris claro,Mercado Independencia  de Morelia (2016),,"Legítimo  Polvo   DEL PERRO CAZADOR    Brand    Para Retirar Malos Vecinos    Retira a los malos vecinos, regándoles desde la puerta de la casaq. Se les hace un caminito con este polvo, como marcándoles el camino que deben seguir, cuando se esté regando el polvo se dice la siguiente Oración: ",,
123,LEGITIMO POLVO CUERNO DE LA ABUNCANDIA  ,,,,,"CUERNO DE LA ABUNDANCIA PARA TENR [sic] SUERTE EN LOS NEGOCIOS, LITERÍA Y TRABAJO                     LEGITIMO POLVO DE VEN DINERO   FAST MONEY   PROTECTOR DE DINERO   FUERZA DE DINERO   PRONTO DINERO   MISTICO O CURIOSO",,
124,SAL DE 7 CANTINAS,,Sal blanca,,,"(Paqra salar a una persona)    Se prepara un brevaje [sic] en la siguiente forma:    Se usa pomo o frasco de vidrio con tapón ya sea de corcho o metálico y en dicho recipiente se pone una porción de orines. Durante 7 días, además tantita sal de las 7 cantinas, finalmente se le pone al frasco que contiene el brevaje 7 gotas de agua bend ta [sic] y al día siguiente o sea a los 16 días de haber preparado esta solución, en la madrugada se vacía el líquido en cruz siendo suficiente para que ese hogar o persona quede salado durante 7 años.",,
125,RELICARIO PIEDRA IMAN ,"Yo te pongo Oro para mi tesoro, Plata para mi casa, Cobre para el pobre, coral para que me retires la envidia y el mal, Trigo para que me des buen marido o (esposa)        PIEDRA IMAN ENCANTADO4RA, PRECIOSA [ILEGIBLE] ESPIRITUAL, DALE SUERTE A MI NEGOCIO FELICIDAD A MI HOGAR     IMAN ERES, IMAN SERAS Y PARA FORTUNA SUERTE DE LLAMARAS.",Polvo gris claro ,,,Piedra Imán Fuida [?]   piedra iman ,,
126,POLVO ESPECIAL TRIANGULO MAGICO,,Polvo gris claro,Mercado Independencia  de Morelia (2016),,"Corta trabajo negro. Acostumbre usarlo polveándose todo el cuerpo diariamente de luna Creciente a Luna Llena. Este polvo es muy especial para retirar toda clase de maleficios, males puestos",,
127,LEGITIMO POLVO DE ATRAYENTE,,Polvo gris claro,Mercado Independencia  de Morelia (2016),,LEGITIMO PLVO DE ATRAYENTE    Uselo polveándose en todo el cuerpo para atraer a la persona amada. ,,
128,LEGITIMO POLVO DE LA CALAVERA,,Ramitas,Mercado Independencia  de Morelia (2016),,BUSQUE DENTRO DE ESTE SOBRE INTRUCCIONES      LEGITIMO POLVO DE LA CALAVERA     Este POLVO también se puede dar de comer en los alimentos en muy pequeñas cantidades para dominar a un a persona. ,,
129,Legitimo Polvo Contra Magia  Negra y Blanca,,Polvo gris claro,Mercado Independencia  de Morelia (2016),,,,
130,LEGITIMO POLVO PROTECTOR DEL AMOR,,Polvo gris claro,Mercado Independencia  de Morelia (2016),,Pata hombre y Mijer    Uselo todos los días,,
131,LEGITIMO POLVO DE LA CRUZ DE CARAVACA   DE ABRECAMINO,,Polvo gris,Mercado Independencia  de Morelia (2016),,,,
132,LEGITIMO POLVO DE COYOTE,,Polvo gris claro,Mercado Independencia  de Morelia (2016),,"LEGITIMO POLVO DE COYOTE   USELO PARA LIBRARSE DE PRISION, ENEMIGOS Y GANAR CUALQUIER JUEGO     Por su preparación científica nos atrae el bien y nos evita las malas influencias, retira Fuerzas Negativas.    Productos misticos o cueriosos",,
133,POLVOS LEGITIMOS DE LA GUADAÑA JUZGADORA,"Así como disuelvo y arrojo al viento estos polvos de la Guadaña juzgadora, así se retiran de mi presencia todos aquellos hombres y mujeres que sean mis enemigos o enemigas. ",Polvo gris,Mercado Independencia  de Morelia (2016),,LEGITIMO POLVO DE LA GUADAÑA JUZGADORA.   Se ponen estos polvos en la pálma de la mano izquierda se le sopla al lado donde va el viento y se dice:,,
134,LEGITIMO POLVO San Miguel Arcangel ,"San Miguel Arcángel como tu eres el encargado de todos los trabajos en el mundo te imploro en esta solemne hora alejar males diabólicos, envidias, dificultades, malas voluntades y atraer suerte y trabajo",Polvo gris claro,Mercado Independencia  de Morelia (2016),,"LEGITIMO POLVO DE SAN MIGUEL ANRANGEL    Rieguese este polvo en la casa, oficina o negocio; rece al regar el polvo tres padres nuestros.    Productos místicos o curiosos.",No venía el polvo! ,
135,LEGITIMO POLVO DE LA MANO CLAVADA MAS PODEROSA,,Polvo gris claro,Mercado Independencia  de Morelia (2016),,"POLVO ESPECIAL DEL BRAZO PODERSOSO    Uselo con toda Fe Polveandose los brazoa para tener Fyuerza, Protección y Dominio.",,
136,LOEGITIMO POLVO JUAN CONQUISTADOR,,Polvo gris claro,Mercado Independencia  de Morelia (2016),,"USELO POLVEANDOSE LOS BRAZOS Y EL PECHO DESPUES DEL BAÑO TODOSW LOS DIAS,     Para tener amores u  [sic] Amistades",,
137,LEGITIMO POLVO YO DOMINO A MI MUJER,,Polvo gris claro,Mercado Independencia  de Morelia (2016),,"LEGITIMO POLVO YO DOMINO A MI MUJER    Pon diariamente en tu cuerpo estos polvos y dominaras a tu mujer. Ella siempre sera amante. Obediente y muy conforme, nada te rerpochará jamás.    PRODUCTOS MISTICOS O CURIOSOS",,
138,LEGITIMO POLVO NEGERO DESTRUCTOR,,Polvo gris,Mercado Independencia  de Morelia (2016),,"LEGITIMO POLVO    PARA VELACION NEGRO DESTRUCTOR    Acaba con maleficios, odios, rencores, envidias y malas voluntades en su hogar    MODO DE USARSE:    arrójese en la noche en el lugar por donde pasó la persona que nos perjudica y nos hace mal. ",,
139,LEGITIMO POLVO DE ORO Y PLATA  / LEGITIMO POLVO DE CHANGO MACHO DE ABRECAMINO,,Polvo gris,Mercado Independencia  de Morelia (2016),,CHANGO MACHO ESPIRITU DE LA BUENA SUERTE   PRODUCTOS MISTICOS O CURIOSOS,,
140,LEGITIMO POLVO DE Llama Cliente,,Polvo gris claro,Mercado Independencia  de Morelia (2016),,LEGITIMO POLVO DE LLAMA CLIENTE    [ilegible],,
141,MARAVILLOSO POLVO CONGO,,Polvo gris,Mercado Independencia  de Morelia (2016),,"RETIRA SALACIONES EN EL NEGOCIO, TRABAJO Y HOGAR. MAL AURE EN LA PERSONA, USELO DESPUES DEL BAÑO EN LAS MANOS Y PIES; EN EL NEGOCIO RIEGELO EN LAS 4 ESQUINAS",,
142,Polvo Divina Providencia,"A ti excelsa trinidad mi memoria y voluntad a ti agrada deidad, portento de mis portentos, consagro mis pensamientos. Obras, Palabras y Acciones, todas mis respiraciones efectos y movimientos.     R y Reine la abundancia en tus posesiones.    Antífona de que usa la Iglesia.     Para pedir la Paz.   Da Paz, señor, en estos dias, porque no hay quien pelee por nosotros sino tu.    V. En tu virtud, se haga la paz. ",Polvo gris claro,,,,,
143,LEGITIMO POLVO DE LAS CUATRO MAGIAS,,Polvo gris claro,,,"LEGITIMO POLVO DE LAS CUATRO MAGIAS   Líbrame de amarres, Hechizos, Veloaciones, Salaciones, embrujamientos y cuanto Trabajo Negro hagan en contra mía.   Uselo diariamente durante 13 días.",,
144,LEGITIMO POLVO DEL JOROBADO HUMILLADOR,,Polvo gris,,,LEGITIMO POLVO DE JOROBADO HUMILLADOR    Es te polvo le sirve para humillar a la persona que así lo merezca y para vencer toda clase de enemigos.   Uselo cualquier día de la semana polveándose las manos y cuello por las noches al acostarse,,